// Embedded meow sound asset
#pragma once

#include <cstdint>
#include <cstddef>

namespace Margy::Sound {

inline constexpr uint8_t kMeowData[] = {
0x4f, 0x67, 0x67, 0x53, 0x00, 0x02, 0x00, 0x00, 0x00, 0x00, 0x00, 0x00, 0x00, 0x00, 0x84, 0x94,
0xa4, 0xb4, 0x00, 0x00, 0x00, 0x00, 0x94, 0x9f, 0x6c, 0x7a, 0x01, 0x1e, 0x01, 0x76, 0x6f, 0x72,
0x62, 0x69, 0x73, 0x00, 0x00, 0x00, 0x00, 0x01, 0x00, 0xee, 0x02, 0x00, 0x00, 0x00, 0x00, 0x00,
0xff, 0xff, 0xff, 0xff, 0x00, 0x00, 0x00, 0x00, 0xb8, 0x01, 0x4f, 0x67, 0x67, 0x53, 0x00, 0x00,
0x00, 0x00, 0x00, 0x00, 0x00, 0x00, 0x00, 0x00, 0x84, 0x94, 0xa4, 0xb4, 0x01, 0x00, 0x00, 0x00,
0x7f, 0xda, 0x98, 0x20, 0x0f, 0x40, 0xff, 0xff, 0xff, 0xff, 0xff, 0xff, 0xff, 0xff, 0xff, 0xff,
0xff, 0xff, 0xff, 0x91, 0x03, 0x76, 0x6f, 0x72, 0x62, 0x69, 0x73, 0x0d, 0x00, 0x00, 0x00, 0x4c,
0x61, 0x76, 0x66, 0x36, 0x30, 0x2e, 0x31, 0x36, 0x2e, 0x31, 0x30, 0x30, 0x01, 0x00, 0x00, 0x00,
0x1f, 0x00, 0x00, 0x00, 0x65, 0x6e, 0x63, 0x6f, 0x64, 0x65, 0x72, 0x3d, 0x4c, 0x61, 0x76, 0x63,
0x36, 0x30, 0x2e, 0x33, 0x31, 0x2e, 0x31, 0x30, 0x32, 0x20, 0x6c, 0x69, 0x62, 0x76, 0x6f, 0x72,
0x62, 0x69, 0x73, 0x01, 0x05, 0x76, 0x6f, 0x72, 0x62, 0x69, 0x73, 0x26, 0x42, 0x43, 0x56, 0x01,
0x00, 0x08, 0x00, 0x00, 0x80, 0x22, 0x4c, 0x18, 0xc4, 0x80, 0xd0, 0x90, 0x55, 0x00, 0x00, 0x10,
0x00, 0x00, 0xa0, 0xac, 0x37, 0x96, 0x7b, 0xc8, 0xbd, 0xf7, 0xde, 0x7b, 0x81, 0xa8, 0x47, 0x14,
0x7b, 0x88, 0xbd, 0xf7, 0xde, 0x7b, 0xe3, 0xac, 0x47, 0xd0, 0x7a, 0x88, 0xb9, 0xf7, 0xde, 0x7b,
0xee, 0xbd, 0xa7, 0x1a, 0x7b, 0xcb, 0xbd, 0xf7, 0xde, 0x73, 0x20, 0x34, 0x64, 0x15, 0x00, 0x00,
0x04, 0x00, 0x80, 0x29, 0x08, 0x9a, 0x72, 0xe0, 0x42, 0xea, 0xbd, 0xf7, 0x1e, 0x19, 0xe6, 0x11,
0x51, 0x1a, 0x2a, 0xc7, 0xbd, 0xf7, 0x1e, 0x19, 0x85, 0x89, 0x30, 0x94, 0x19, 0x85, 0x3d, 0x95,
0xda, 0x5a, 0xeb, 0x21, 0x93, 0xdc, 0x42, 0xea, 0x3d, 0xe7, 0x1e, 0x08, 0x0d, 0x59, 0x05, 0x00,
0x00, 0x02, 0x00, 0x40, 0x08, 0x21, 0x84, 0x14, 0x52, 0x48, 0x21, 0x85, 0x14, 0x52, 0x48, 0x21,
0x85, 0x14, 0x52, 0x48, 0x29, 0xa5, 0x98, 0x62, 0x8a, 0x29, 0xa6, 0x98, 0x62, 0xca, 0x29, 0xa7,
0x1c, 0x73, 0xcc, 0x31, 0xc7, 0x20, 0x83, 0x0e, 0x3a, 0xe8, 0xa4, 0x93, 0x50, 0x42, 0x09, 0x29,
0xa4, 0x50, 0x4a, 0x2a, 0xa9, 0xa4, 0x94, 0x52, 0x4a, 0x2d, 0xd6, 0x5a, 0x73, 0xee, 0xbd, 0x07,
0xdd, 0x73, 0xef, 0x41, 0xf8, 0x20, 0x84, 0x10, 0x42, 0x08, 0x21, 0x84, 0x10, 0x42, 0x08, 0x21,
0x84, 0x10, 0x42, 0x08, 0x42, 0x43, 0x56, 0x01, 0x00, 0x20, 0x00, 0x00, 0x04, 0x42, 0x08, 0x21,
0x64, 0x10, 0x42, 0x08, 0x21, 0x84, 0x14, 0x52, 0x48, 0x21, 0xa6, 0x98, 0x62, 0xca, 0x29, 0xa7,
0x80, 0xd0, 0x90, 0x55, 0x00, 0x00, 0x20, 0x00, 0x80, 0x00, 0x00, 0x00, 0x00, 0x49, 0x91, 0x14,
0xcb, 0xb1, 0x1c, 0xcd, 0xd1, 0x1c, 0xcd, 0xf1, 0x1c, 0xcf, 0x11, 0x25, 0x51, 0x12, 0x25, 0xd1,
0x32, 0x2d, 0xd3, 0x52, 0x35, 0x53, 0x33, 0x3d, 0x55, 0x54, 0x45, 0xd5, 0x54, 0x55, 0x57, 0x55,
0x5d, 0x5d, 0x77, 0x6d, 0xd5, 0x76, 0x6d, 0xd5, 0x96, 0x6d, 0xd7, 0x56, 0x6d, 0xd5, 0x76, 0x6d,
0xd5, 0x56, 0x6d, 0x59, 0xb6, 0x6d, 0xdb, 0xb6, 0x6d, 0xdb, 0xb6, 0x6d, 0xdb, 0xb6, 0x6d, 0xdb,
0xb6, 0x6d, 0xdb, 0xb6, 0x6d, 0x20, 0x34, 0x64, 0x15, 0x00, 0x20, 0x01, 0x00, 0xa0, 0x23, 0x39,
0x92, 0x23, 0x29, 0x92, 0x22, 0x29, 0x92, 0xe3, 0x38, 0x92, 0x04, 0x84, 0x86, 0xac, 0x02, 0x00,
0x64, 0x00, 0x00, 0x04, 0x00, 0xa0, 0x28, 0x8a, 0xe3, 0x38, 0x8e, 0xe4, 0x48, 0x8e, 0x25, 0x69,
0x92, 0x66, 0x79, 0x96, 0x67, 0x89, 0x9a, 0xa8, 0x99, 0x9a, 0xe8, 0xa9, 0x9e, 0x0a, 0x84, 0x86,
0xac, 0x02, 0x00, 0x00, 0x01, 0x00, 0x04, 0x00, 0x00, 0x00, 0x00, 0x00, 0xe0, 0x78, 0x8a, 0xe7,
0x78, 0x8e, 0x67, 0x79, 0x92, 0xe7, 0x78, 0x8e, 0x67, 0x79, 0x9a, 0xa7, 0x69, 0x9a, 0xa6, 0x69,
0x9a, 0xa6, 0x69, 0x9a, 0xa6, 0x69, 0x9a, 0xa6, 0x69, 0x9a, 0xa6, 0x69, 0x9a, 0xa6, 0x69, 0x9a,
0xa6, 0x69, 0x9a, 0xa6, 0x69, 0x9a, 0xa6, 0x69, 0x9a, 0xa6, 0x69, 0x9a, 0xa6, 0x69, 0x9a, 0xa6,
0x69, 0x9a, 0xa6, 0x69, 0x9a, 0xa6, 0x69, 0x40, 0x68, 0xc8, 0x2a, 0x00, 0x40, 0x02, 0x00, 0x40,
0xc7, 0x71, 0x1c, 0xc7, 0x71, 0x1c, 0xc7, 0x71, 0x1c, 0x47, 0x72, 0x24, 0x07, 0x08, 0x0d, 0x59,
0x05, 0x00, 0xc8, 0x00, 0x00, 0x08, 0x00, 0x40, 0x52, 0x24, 0xc7, 0x72, 0x2c, 0x47, 0x73, 0x34,
0xc7, 0x73, 0x3c, 0x47, 0x74, 0x44, 0xc7, 0x74, 0x4c, 0xc9, 0x94, 0x54, 0xc9, 0xb5, 0x5c, 0x0b,
0x08, 0x0d, 0x59, 0x05, 0x00, 0x00, 0x02, 0x00, 0x08, 0x00, 0x00, 0x00, 0x00, 0x00, 0x40, 0x13,
0x2c, 0x45, 0x53, 0x3c, 0xc7, 0x93, 0x3c, 0xcf, 0x13, 0x35, 0xcf, 0xd3, 0x34, 0xcd, 0x13, 0x4d,
0x51, 0x34, 0x4d, 0xd3, 0x34, 0x4d, 0xd3, 0x34, 0x4d, 0xd3, 0x34, 0x4d, 0xd3, 0x34, 0x4d, 0xd3,
0x34, 0x4d, 0xd3, 0x34, 0x4d, 0xd3, 0x34, 0x4d, 0xd3, 0x34, 0x4d, 0xd3, 0x34, 0x4d, 0xd3, 0x34,
0x4d, 0xd3, 0x34, 0x4d, 0xd3, 0x34, 0x4d, 0x53, 0x14, 0x81, 0xd0, 0x90, 0x55, 0x00, 0x00, 0x04,
0x00, 0x00, 0x21, 0x9d, 0x66, 0x96, 0x6a, 0x80, 0x08, 0x33, 0x90, 0x61, 0x20, 0x34, 0x64, 0x15,
0x00, 0x80, 0x00, 0x00, 0x00, 0x18, 0xa1, 0x08, 0x43, 0x0c, 0x08, 0x0d, 0x59, 0x05, 0x00, 0x00,
0x04, 0x00, 0x00, 0x88, 0xa1, 0xe4, 0x20, 0x9a, 0xd0, 0x9a, 0xf3, 0xcd, 0x39, 0x0e, 0x9a, 0xe5,
0xa0, 0xa9, 0x14, 0x9b, 0xd3, 0xc1, 0x89, 0x54, 0x9b, 0x27, 0xb9, 0xa9, 0x98, 0x9b, 0x73, 0xce,
0x39, 0xe7, 0x9c, 0x6c, 0xce, 0x19, 0xe3, 0x9c, 0x73, 0xce, 0x29, 0xca, 0x99, 0xc5, 0xa0, 0x99,
0xd0, 0x9a, 0x73, 0xce, 0x49, 0x0c, 0x9a, 0xa5, 0xa0, 0x99, 0xd0, 0x9a, 0x73, 0xce, 0x79, 0x12,
0x9b, 0x07, 0xad, 0xa9, 0xd2, 0x9a, 0x73, 0xce, 0x19, 0xe7, 0x9c, 0x0e, 0xc6, 0x19, 0x61, 0x9c,
0x73, 0xce, 0x69, 0xd2, 0x9a, 0x07, 0xa9, 0xd9, 0x58, 0x9b, 0x73, 0xce, 0x59, 0xd0, 0x9a, 0xe6,
0xa8, 0xb9, 0x14, 0x9b, 0x73, 0xce, 0x89, 0x94, 0x9b, 0x27, 0xb5, 0xb9, 0x54, 0x9b, 0x73, 0xce,
0x39, 0xe7, 0x9c, 0x73, 0xce, 0x39, 0xe7, 0x9c, 0x73, 0xce, 0xa9, 0x5e, 0x9c, 0xce, 0xc1, 0x39,
0xe1, 0x9c, 0x73, 0xce, 0x89, 0xda, 0x9b, 0x6b, 0xb9, 0x09, 0x5d, 0x9c, 0x73, 0xce, 0xf9, 0x64,
0x9c, 0xee, 0xcd, 0x09, 0xe1, 0x9c, 0x73, 0xce, 0x39, 0xe7, 0x9c, 0x73, 0xce, 0x39, 0xe7, 0x9c,
0x73, 0xce, 0x09, 0x42, 0x43, 0x56, 0x01, 0x00, 0x40, 0x00, 0x00, 0x04, 0x61, 0xd8, 0x18, 0xc6,
0x9d, 0x82, 0x20, 0x7d, 0x8e, 0x06, 0x62, 0x14, 0x21, 0xa6, 0x21, 0x93, 0x1e, 0x74, 0x8f, 0x0e,
0x93, 0xa0, 0x31, 0xc8, 0x29, 0xa4, 0x1e, 0x8d, 0x8e, 0x46, 0x4a, 0xa9, 0x83, 0x50, 0x52, 0x19,
0x27, 0xa5, 0x74, 0x82, 0xd0, 0x90, 0x55, 0x00, 0x00, 0x20, 0x00, 0x00, 0x84, 0x10, 0x52, 0x48,
0x21, 0x85, 0x14, 0x52, 0x48, 0x21, 0x85, 0x14, 0x52, 0x48, 0x21, 0x86, 0x18, 0x62, 0x88, 0x21,
0xa7, 0x9c, 0x72, 0x0a, 0x2a, 0xa8, 0xa4, 0x92, 0x8a, 0x2a, 0xca, 0x28, 0xb3, 0xcc, 0x32, 0xcb,
0x2c, 0xb3, 0xcc, 0x32, 0xcb, 0xac, 0xc3, 0xce, 0x3a, 0xeb, 0xb0, 0xc3, 0x10, 0x43, 0x0c, 0x31,
0xb4, 0xd2, 0x4a, 0x2c, 0x35, 0xd5, 0x56, 0x63, 0x8d, 0xb5, 0xe6, 0x9e, 0x73, 0xae, 0x39, 0x48,
0x6b, 0xa5, 0xb5, 0xd6, 0x5a, 0x2b, 0xa5, 0x94, 0x52, 0x4a, 0x29, 0xa5, 0x20, 0x34, 0x64, 0x15,
0x00, 0x00, 0x02, 0x00, 0x40, 0x20, 0x64, 0x90, 0x41, 0x06, 0x19, 0x85, 0x14, 0x52, 0x48, 0x21,
0x86, 0x98, 0x72, 0xca, 0x29, 0xa7, 0xa0, 0x82, 0x0a, 0x08, 0x0d, 0x59, 0x05, 0x00, 0x00, 0x02,
0x00, 0x08, 0x00, 0x00, 0x00, 0xf0, 0x24, 0xcf, 0x11, 0x1d, 0xd1, 0x11, 0x1d, 0xd1, 0x11, 0x1d,
0xd1, 0x11, 0x1d, 0xd1, 0x11, 0x1d, 0xcf, 0xf1, 0x1c, 0x51, 0x12, 0x25, 0x51, 0x12, 0x25, 0xd1,
0x32, 0x2d, 0x53, 0x33, 0x3d, 0x55, 0x54, 0x55, 0x57, 0x76, 0x6d, 0x59, 0x97, 0x75, 0xdb, 0xb7,
0x85, 0x5d, 0xd8, 0x75, 0xdf, 0xd7, 0x7d, 0xdf, 0xd7, 0x8d, 0x5f, 0x17, 0x86, 0x65, 0x59, 0x96,
0x65, 0x59, 0x96, 0x65, 0x59, 0x96, 0x65, 0x59, 0x96, 0x65, 0x59, 0x96, 0x65, 0x09, 0x42, 0x43,
0x56, 0x01, 0x00, 0x20, 0x00, 0x00, 0x00, 0x42, 0x08, 0x21, 0x84, 0x14, 0x52, 0x48, 0x21, 0x85,
0x94, 0x62, 0x8c, 0x31, 0xc7, 0x9c, 0x83, 0x4e, 0x42, 0x09, 0x81, 0xd0, 0x90, 0x55, 0x00, 0x00,
0x20, 0x00, 0x80, 0x00, 0x00, 0x00, 0x00, 0x47, 0x71, 0x14, 0xc7, 0x91, 0x1c, 0xc9, 0x91, 0x24,
0x4b, 0xb2, 0x24, 0x4d, 0xd2, 0x2c, 0xcd, 0xf2, 0x34, 0x4f, 0xf3, 0x34, 0xd1, 0x13, 0x45, 0x51,
0x34, 0x4d, 0x53, 0x15, 0x5d, 0xd1, 0x15, 0x75, 0xd3, 0x16, 0x65, 0x53, 0x36, 0x5d, 0xd3, 0x35,
0x65, 0xd3, 0x55, 0x65, 0xd5, 0x76, 0x65, 0xd9, 0xb6, 0x65, 0x5b, 0xb7, 0x7d, 0x59, 0xb6, 0x7d,
0xdf, 0xf7, 0x7d, 0xdf, 0xf7, 0x7d, 0xdf, 0xf7, 0x7d, 0xdf, 0xf7, 0x7d, 0xdf, 0xd7, 0x75, 0x20,
0x34, 0x64, 0x15, 0x00, 0x20, 0x01, 0x00, 0xa0, 0x23, 0x39, 0x92, 0x22, 0x29, 0x92, 0x22, 0x39,
0x8e, 0xe3, 0x48, 0x92, 0x04, 0x84, 0x86, 0xac, 0x02, 0x00, 0x64, 0x00, 0x00, 0x04, 0x00, 0xa0,
0x28, 0x8e, 0xe2, 0x38, 0x8e, 0x23, 0x49, 0x92, 0x24, 0x59, 0x92, 0x26, 0x79, 0x96, 0x67, 0x89,
0x9a, 0xa9, 0x99, 0x9e, 0xe9, 0xa9, 0xa2, 0x0a, 0x84, 0x86, 0xac, 0x02, 0x00, 0x00, 0x01, 0x00,
0x04, 0x00, 0x00, 0x00, 0x00, 0x00, 0xa0, 0x68, 0x8a, 0xa7, 0x98, 0x8a, 0xa7, 0x88, 0x8a, 0xe7,
0x88, 0x8e, 0x28, 0x89, 0x96, 0x69, 0x89, 0x9a, 0xaa, 0xb9, 0xa2, 0x6c, 0xca, 0xae, 0xeb, 0xba,
0xae, 0xeb, 0xba, 0xae, 0xeb, 0xba, 0xae, 0xeb, 0xba, 0xae, 0xeb, 0xba, 0xae, 0xeb, 0xba, 0xae,
0xeb, 0xba, 0xae, 0xeb, 0xba, 0xae, 0xeb, 0xba, 0xae, 0xeb, 0xba, 0xae, 0xeb, 0xba, 0xae, 0xeb,
0xba, 0x40, 0x68, 0xc8, 0x2a, 0x00, 0x40, 0x02, 0x00, 0x40, 0x47, 0x72, 0x24, 0x47, 0x72, 0x24,
0x45, 0x52, 0x24, 0x45, 0x72, 0x24, 0x07, 0x08, 0x0d, 0x59, 0x05, 0x00, 0xc8, 0x00, 0x00, 0x08,
0x00, 0xc0, 0x31, 0x1c, 0x43, 0x52, 0x24, 0xc7, 0xb2, 0x2c, 0x4d, 0xf3, 0x34, 0x4f, 0xf3, 0x34,
0xd1, 0x13, 0x3d, 0xd1, 0x33, 0x3d, 0x55, 0x74, 0x45, 0x17, 0x08, 0x0d, 0x59, 0x05, 0x00, 0x00,
0x02, 0x00, 0x08, 0x00, 0x00, 0x00, 0x00, 0x00, 0xc0, 0x90, 0x0c, 0x4b, 0xb1, 0x1c, 0xcd, 0xd1,
0x24, 0x51, 0x52, 0x2d, 0xd5, 0x52, 0x35, 0xd5, 0x52, 0x2d, 0x55, 0x54, 0x3d, 0x55, 0x55, 0x55,
0x55, 0x55, 0x55, 0x55, 0x55, 0x55, 0x55, 0x55, 0x55, 0x55, 0x55, 0x55, 0x55, 0x55, 0x55, 0x55,
0x55, 0x55, 0x55, 0x55, 0x55, 0x55, 0x55, 0x55, 0x55, 0x55, 0x55, 0x55, 0x55, 0x55, 0xd5, 0x34,
0x4d, 0xd3, 0x34, 0x81, 0xd0, 0x90, 0x95, 0x00, 0x00, 0x10, 0x00, 0x00, 0x0d, 0x3a, 0xf8, 0x1a,
0x7b, 0xc9, 0x98, 0xc4, 0x92, 0x7b, 0x68, 0x8c, 0x42, 0x0c, 0x7a, 0xeb, 0x98, 0x73, 0x8e, 0x7a,
0xcd, 0x8c, 0x22, 0xc8, 0x71, 0xec, 0x10, 0x33, 0x88, 0x79, 0x0b, 0x95, 0x23, 0x04, 0x79, 0x8d,
0x99, 0x44, 0x88, 0x71, 0x20, 0x34, 0x64, 0x45, 0x00, 0x10, 0x05, 0x00, 0x00, 0x18, 0x83, 0x1c,
0x43, 0xcc, 0x21, 0xe7, 0x9c, 0xa4, 0x4e, 0x52, 0xe4, 0x9c, 0xa3, 0xd2, 0x51, 0x6a, 0x9c, 0x73,
0x94, 0x3a, 0x4a, 0x1d, 0xa5, 0x14, 0x6b, 0xca, 0xb5, 0xa3, 0x54, 0x62, 0x4b, 0xb5, 0x36, 0xce,
0x39, 0x4a, 0x1d, 0xa5, 0x8c, 0x52, 0xca, 0xb5, 0xb4, 0xda, 0x51, 0x4a, 0xb5, 0xa6, 0x1a, 0x0b,
0x00, 0x00, 0x08, 0x70, 0x00, 0x00, 0x08, 0xb0, 0x10, 0x0a, 0x0d, 0x59, 0x11, 0x00, 0x44, 0x01,
0x00, 0x10, 0x08, 0x21, 0xa5, 0x90, 0x52, 0x48, 0x29, 0xe6, 0x9c, 0x72, 0x0e, 0x29, 0xa5, 0x9c,
0x63, 0xce, 0x21, 0xa6, 0x94, 0x73, 0xca, 0x39, 0xe5, 0x9c, 0x83, 0xd2, 0x49, 0xa9, 0x9c, 0x73,
0xd2, 0x39, 0x29, 0x91, 0x52, 0xca, 0x39, 0xe5, 0x9c, 0x72, 0xce, 0x49, 0xe9, 0x9c, 0x54, 0xce,
0x39, 0x29, 0x9d, 0x84, 0x02, 0x00, 0x00, 0x02, 0x1c, 0x00, 0x00, 0x02, 0x2c, 0x84, 0x42, 0x43,
0x56, 0x04, 0x00, 0x71, 0x02, 0x00, 0x0e, 0xc7, 0xf1, 0x3c, 0x49, 0xd3, 0x44, 0x51, 0xd2, 0x34,
0x51, 0xf4, 0x4c, 0xd1, 0x75, 0x3d, 0xd1, 0x74, 0x5d, 0x49, 0xd3, 0x4c, 0x53, 0x13, 0x45, 0x55,
0xd5, 0x44, 0x51, 0x55, 0x4d, 0x57, 0xb5, 0x6d, 0xd1, 0x54, 0x65, 0x5b, 0xd2, 0x34, 0xd3, 0xd4,
0x44, 0x51, 0x55, 0x35, 0x51, 0x54, 0x55, 0x51, 0x35, 0x6d, 0xd9, 0x54, 0x55, 0xdb, 0xf6, 0x4c,
0xd3, 0x96, 0x4d, 0xd7, 0xd5, 0x6d, 0x51, 0x55, 0x75, 0x5b, 0xb6, 0x6d, 0x61, 0x78, 0x6d, 0xdb,
0xf7, 0x3d, 0xd3, 0xb4, 0x6d, 0x51, 0x55, 0x6d, 0xdd, 0x74, 0x5d, 0x5b, 0x77, 0x6d, 0xd9, 0xf7,
0x65, 0x5b, 0xd7, 0x8d, 0x47, 0xd3, 0x4c, 0x53, 0x13, 0x45, 0x57, 0xd5, 0x44, 0x51, 0x75, 0x4d,
0x57, 0xd5, 0x6d, 0x53, 0x75, 0x6d, 0x5d, 0x13, 0x45, 0xd7, 0x15, 0x55, 0x57, 0x96, 0x45, 0xd5,
0x95, 0x65, 0x57, 0x96, 0x75, 0x5f, 0x95, 0x65, 0xdd, 0xd7, 0x44, 0xd1, 0x75, 0x45, 0xd5, 0x94,
0x5d, 0x51, 0x75, 0x65, 0x5b, 0x95, 0x5d, 0xdf, 0x76, 0x65, 0x59, 0xf7, 0x4d, 0xd7, 0xf5, 0x75,
0x55, 0x96, 0x85, 0x5f, 0x95, 0x65, 0xe1, 0xb7, 0x75, 0x5d, 0x18, 0x6e, 0xdf, 0x37, 0x9e, 0x51,
0x55, 0x75, 0x5f, 0x95, 0x5d, 0xdf, 0x57, 0x65, 0xd9, 0x17, 0x6e, 0xdd, 0x36, 0x7e, 0xdb, 0xf7,
0x85, 0x67, 0xd2, 0x34, 0xd3, 0xd4, 0x44, 0xd1, 0x55, 0x35, 0xd1, 0x54, 0x5d, 0xd3, 0x55, 0x75,
0xdd, 0x74, 0x5d, 0xdb, 0xd6, 0x44, 0xd1, 0x75, 0x45, 0x57, 0xb5, 0x65, 0xd1, 0x54, 0x5d, 0xd9,
0x95, 0x6d, 0xdf, 0x57, 0x5d, 0xd9, 0xf6, 0x35, 0x51, 0x74, 0x5d, 0xd1, 0x55, 0x65, 0x59, 0x74,
0x55, 0x59, 0x56, 0x65, 0xd9, 0xf7, 0x5d, 0x59, 0xf6, 0x75, 0x51, 0x55, 0x7d, 0x5b, 0x95, 0x65,
0xdf, 0x57, 0x5d, 0xd9, 0xf7, 0x6d, 0xdf, 0x17, 0x86, 0xd9, 0xd6, 0x7d, 0xe1, 0x74, 0x5d, 0x5d,
0x57, 0x65, 0xd9, 0x17, 0x56, 0x59, 0xf6, 0x7d, 0xdb, 0xd7, 0x95, 0xe5, 0xd6, 0x75, 0xe1, 0xf8,
0x4c, 0xd3, 0xb6, 0x4d, 0xd7, 0xd5, 0x75, 0xd3, 0x75, 0x7d, 0xdf, 0xf6, 0x75, 0x67, 0x99, 0x75,
0x5d, 0xf8, 0x45, 0xd7, 0xf5, 0x7d, 0x55, 0x96, 0x7d, 0x63, 0xb5, 0x65, 0x5f, 0xf8, 0x85, 0xdf,
0xa9, 0xfb, 0xc6, 0xf1, 0x8c, 0xaa, 0xaa, 0xeb, 0xaa, 0xed, 0x0a, 0xbf, 0x2a, 0xcb, 0xc2, 0xb0,
0x0b, 0xbb, 0xf3, 0xdc, 0xbe, 0x2f, 0x94, 0x75, 0xdb, 0xf8, 0x6d, 0xdd, 0x67, 0xdc, 0xbe, 0x8f,
0xf1, 0xe3, 0xfc, 0xc6, 0x91, 0x6b, 0xdb, 0xc2, 0x31, 0xeb, 0xb6, 0x73, 0xdc, 0xbe, 0xae, 0x2c,
0xbf, 0xf3, 0x33, 0x7e, 0x65, 0x58, 0x7a, 0xa6, 0x69, 0xdb, 0xa6, 0xeb, 0xfa, 0xba, 0xe9, 0xba,
0xbe, 0x2f, 0xeb, 0xba, 0x31, 0xdc, 0xbe, 0xaf, 0x14, 0x55, 0xd5, 0xd7, 0x55, 0x5b, 0x36, 0x86,
0xd5, 0x95, 0x85, 0xe3, 0x16, 0x7e, 0xe3, 0xd8, 0x7d, 0xe1, 0x38, 0x46, 0xd7, 0xf5, 0x7d, 0x55,
0x96, 0x7d, 0x63, 0xb5, 0x65, 0x61, 0xd8, 0x7d, 0xdf, 0x78, 0x7e, 0x61, 0x78, 0x9e, 0xd7, 0xb6,
0x8d, 0xe1, 0xf6, 0x7d, 0xca, 0x6c, 0xeb, 0x46, 0x1f, 0x7c, 0x9f, 0xf2, 0xcc, 0xba, 0x8d, 0xed,
0xfb, 0xc6, 0x72, 0xfb, 0x3a, 0xe7, 0x77, 0x8e, 0xce, 0xf0, 0x0c, 0x09, 0x00, 0x00, 0x18, 0x70,
0x00, 0x00, 0x08, 0x30, 0xa1, 0x0c, 0x14, 0x1a, 0xb2, 0x22, 0x00, 0x88, 0x13, 0x00, 0x60, 0x10,
0x72, 0x0e, 0x31, 0x05, 0x21, 0x52, 0x0c, 0x42, 0x08, 0x21, 0xa5, 0x0e, 0x42, 0x4a, 0x11, 0x63,
0x10, 0x32, 0xe7, 0xa4, 0x64, 0xcc, 0x49, 0x09, 0xa5, 0xa4, 0x16, 0x4a, 0x49, 0x2d, 0x62, 0x0c,
0x42, 0xe6, 0x98, 0x94, 0xcc, 0x39, 0x29, 0xa1, 0x94, 0x96, 0x42, 0x29, 0x2d, 0x85, 0x12, 0x5a,
0x0b, 0xa5, 0xc4, 0x16, 0x4a, 0x69, 0xad, 0xb5, 0x56, 0x6b, 0x6a, 0x2d, 0xd6, 0x10, 0x4a, 0x6b,
0xa1, 0x94, 0x18, 0x43, 0x29, 0x2d, 0xa6, 0xd6, 0x6a, 0x4c, 0xad, 0xd5, 0x1a, 0x31, 0x06, 0x21,
0x73, 0x4e, 0x4a, 0xe6, 0x9c, 0x94, 0x52, 0x4a, 0x6b, 0xa1, 0x94, 0xd6, 0x32, 0xe7, 0xa8, 0x74,
0x0e, 0x52, 0xea, 0x20, 0xa4, 0x94, 0x52, 0x6a, 0xb1, 0xa4, 0x14, 0x63, 0xe5, 0x9c, 0x94, 0x0c,
0x3a, 0x2a, 0x1d, 0x84, 0x94, 0x4a, 0x2a, 0x31, 0x95, 0x94, 0x62, 0x0c, 0xa9, 0xc4, 0x56, 0x52,
0x8a, 0xb5, 0xa4, 0x54, 0x63, 0x6b, 0xb1, 0xe5, 0x16, 0x63, 0xce, 0xa1, 0x94, 0x16, 0x4b, 0x2a,
0xb1, 0x95, 0x94, 0x62, 0x6d, 0x31, 0xe5, 0x18, 0x63, 0xcc, 0x39, 0x62, 0x0c, 0x42, 0xe6, 0x9c,
0x94, 0xcc, 0x39, 0x29, 0xa1, 0x94, 0xd6, 0x4a, 0x49, 0x2d, 0x56, 0xce, 0x49, 0xe9, 0x20, 0xa4,
0x94, 0x39, 0x28, 0xa9, 0xa4, 0x14, 0x63, 0x29, 0x29, 0xc5, 0xcc, 0x39, 0x49, 0x1d, 0x84, 0x94,
0x3a, 0xe8, 0x28, 0x95, 0x94, 0x62, 0x4c, 0x2d, 0xc5, 0x16, 0x4a, 0x89, 0xad, 0xa4, 0x54, 0x63,
0x29, 0xa9, 0xc5, 0x16, 0x63, 0xce, 0x2d, 0xc5, 0x58, 0x43, 0x49, 0x2d, 0x96, 0x94, 0x62, 0x2d,
0x29, 0xc5, 0xd8, 0x62, 0xcc, 0xb9, 0xc5, 0x96, 0x5b, 0x07, 0xa1, 0xb5, 0x90, 0x4a, 0x8c, 0xa1,
0x94, 0x18, 0x5b, 0x8c, 0x39, 0xb7, 0xd6, 0x6a, 0x0d, 0xa5, 0xc4, 0x58, 0x52, 0x8a, 0xb5, 0xa4,
0x54, 0x63, 0x8c, 0xb5, 0xf6, 0x18, 0x63, 0xce, 0xa1, 0x94, 0x18, 0x4b, 0x2a, 0x35, 0x96, 0x94,
0x62, 0x6d, 0x35, 0xf6, 0xda, 0x62, 0xac, 0x39, 0xb5, 0x96, 0x6b, 0x6a, 0xb1, 0xe6, 0x16, 0x63,
0xcf, 0xb5, 0xe5, 0xd6, 0x6b, 0xce, 0xbd, 0xa7, 0xd6, 0x6a, 0x4d, 0xb1, 0xe5, 0xda, 0x62, 0xcc,
0x3d, 0xe6, 0x18, 0x64, 0xcd, 0xb9, 0x07, 0x0f, 0x42, 0x6b, 0xa1, 0x94, 0x16, 0x43, 0x29, 0x31,
0xb6, 0xd6, 0x6a, 0x6d, 0x31, 0xe6, 0x1c, 0x4a, 0x89, 0xad, 0xa4, 0x54, 0x63, 0x29, 0x29, 0xd6,
0x18, 0x63, 0xce, 0x2d, 0xd6, 0xda, 0x43, 0x29, 0x31, 0x96, 0x94, 0x62, 0x2d, 0x29, 0xd5, 0x1a,
0x63, 0xcc, 0x39, 0xd6, 0xd8, 0x6b, 0x6a, 0x2d, 0xd7, 0x16, 0x63, 0xcf, 0xa9, 0xc5, 0x9a, 0x6b,
0xce, 0xc1, 0xc7, 0x98, 0x63, 0x4f, 0x2d, 0xd6, 0x1c, 0x63, 0xcc, 0x3d, 0xc5, 0x96, 0x6b, 0xcd,
0xb9, 0xf7, 0x9a, 0x5b, 0x90, 0x05, 0x00, 0x00, 0x0c, 0x38, 0x00, 0x00, 0x04, 0x98, 0x50, 0x06,
0x0a, 0x0d, 0x59, 0x09, 0x00, 0x44, 0x01, 0x00, 0x10, 0x84, 0x28, 0xc5, 0x18, 0x84, 0x06, 0x21,
0xc6, 0x9c, 0x93, 0xd0, 0x20, 0xc4, 0x98, 0x73, 0x52, 0x2a, 0xc6, 0x9c, 0x83, 0x90, 0x4a, 0xc5,
0x98, 0x73, 0x10, 0x4a, 0xca, 0x9c, 0x83, 0x50, 0x4a, 0x4a, 0x99, 0x73, 0x10, 0x4a, 0x49, 0x29,
0x94, 0x92, 0x4a, 0x4a, 0xad, 0x85, 0x52, 0x4a, 0x4a, 0xa9, 0xb5, 0x02, 0x00, 0x00, 0x0a, 0x1c,
0x00, 0x00, 0x02, 0x6c, 0xd0, 0x94, 0x58, 0x1c, 0xa0, 0xd0, 0x90, 0x95, 0x00, 0x40, 0x2a, 0x00,
0x80, 0xc1, 0x71, 0x2c, 0xcb, 0xf3, 0x44, 0x51, 0x35, 0x65, 0xd9, 0xb1, 0x24, 0xcf, 0x13, 0x45,
0xd3, 0x54, 0x55, 0xdb, 0x76, 0x2c, 0xcb, 0xf3, 0x44, 0xd1, 0x34, 0x55, 0xd5, 0xb6, 0x2d, 0xcf,
0x13, 0x45, 0xd3, 0x54, 0x55, 0xd7, 0xd5, 0x75, 0xcb, 0xf3, 0x44, 0xd1, 0x54, 0x55, 0xd5, 0x75,
0x75, 0xdd, 0x13, 0x45, 0xd5, 0x54, 0x55, 0xd7, 0x95, 0x65, 0xdf, 0xf7, 0x44, 0xd1, 0x34, 0x55,
0xd5, 0x75, 0x65, 0xd9, 0xf7, 0x4d, 0xd3, 0x74, 0x55, 0xd7, 0x95, 0x65, 0xdb, 0xf6, 0x7d, 0xd3,
0x34, 0x55, 0xd7, 0x75, 0x65, 0x59, 0xb6, 0x7d, 0x61, 0x75, 0x55, 0xd7, 0x95, 0x65, 0xdb, 0xd6,
0x6d, 0x63, 0x58, 0x55, 0xd7, 0x75, 0x65, 0xd9, 0xb6, 0x6d, 0x5d, 0x39, 0x6e, 0xdd, 0xd6, 0x75,
0xe1, 0x17, 0x86, 0x61, 0x98, 0xda, 0xba, 0xee, 0xfb, 0xbe, 0x2f, 0x0c, 0xc7, 0xf0, 0x4c, 0x03,
0x00, 0xc0, 0x13, 0x1c, 0x00, 0x80, 0x0a, 0x6c, 0x58, 0x1d, 0xe1, 0xa4, 0x68, 0x2c, 0xb0, 0xd0,
0x90, 0x95, 0x00, 0x40, 0x06, 0x00, 0x00, 0x61, 0x0c, 0x42, 0x06, 0x21, 0x85, 0x0c, 0x42, 0x48,
0x21, 0x85, 0x94, 0x42, 0x48, 0x29, 0x25, 0x00, 0x00, 0x60, 0xc0, 0x01, 0x00, 0x20, 0xc0, 0x84,
0x32, 0x50, 0x68, 0xc8, 0x4a, 0x00, 0x20, 0x15, 0x00, 0x00, 0x20, 0xc4, 0x5a, 0x6b, 0xad, 0xb5,
0xd6, 0x5a, 0x62, 0xa9, 0xb5, 0xd6, 0x5a, 0x6b, 0xad, 0xb5, 0x86, 0x4a, 0x6b, 0xad, 0xb5, 0xd6,
0x5a, 0x6b, 0xad, 0xb5, 0xd6, 0x5a, 0x6b, 0xad, 0xb5, 0xd6, 0x5a, 0x6b, 0xad, 0xb5, 0xd6, 0x5a,
0x6b, 0xad, 0xb5, 0xd6, 0x5a, 0x6b, 0xad, 0xb5, 0xd6, 0x5a, 0x6b, 0xad, 0xb5, 0x94, 0x52, 0x4a,
0x29, 0xa5, 0x94, 0x52, 0x4a, 0x29, 0xa5, 0x94, 0x52, 0x4a, 0x29, 0xa5, 0x94, 0x52, 0x4a, 0x29,
0xa5, 0x94, 0x52, 0x4a, 0x29, 0xa5, 0x94, 0x52, 0x4a, 0x29, 0xa5, 0x94, 0x52, 0x4a, 0x29, 0xa5,
0x94, 0x52, 0x4a, 0x29, 0xa5, 0x94, 0x52, 0x4a, 0x29, 0xa5, 0x94, 0x52, 0x4a, 0x29, 0xa5, 0x94,
0x52, 0x4a, 0x29, 0x15, 0x00, 0xe8, 0x57, 0xe1, 0x00, 0xe0, 0xff, 0x60, 0xc3, 0xea, 0x08, 0x27,
0x45, 0x63, 0x81, 0x85, 0x86, 0xac, 0x04, 0x00, 0xc2, 0x01, 0x00, 0x00, 0x63, 0x94, 0x62, 0x0c,
0x3a, 0xe9, 0x24, 0xa4, 0xd4, 0x30, 0xe5, 0x18, 0x84, 0x52, 0x52, 0x49, 0xa5, 0x95, 0x46, 0x31,
0xe7, 0x20, 0x94, 0x92, 0x52, 0x4a, 0xad, 0x55, 0xce, 0x49, 0x48, 0xa5, 0xa5, 0xd6, 0x5a, 0x8b,
0xb1, 0x72, 0x4e, 0x4a, 0x49, 0x29, 0xb5, 0x16, 0x5b, 0x8c, 0x1d, 0x84, 0x94, 0x5a, 0x6a, 0x2d,
0xc6, 0x18, 0x63, 0xec, 0x20, 0xa4, 0x94, 0x5a, 0x6b, 0x31, 0xc6, 0x18, 0x63, 0x28, 0xa5, 0xa5,
0x18, 0x63, 0xac, 0x31, 0xd6, 0x5a, 0x43, 0x49, 0xa9, 0xb5, 0x18, 0x63, 0x8c, 0x35, 0xd7, 0x5a,
0x52, 0x6a, 0x2d, 0xc6, 0x5a, 0x6b, 0xad, 0xb9, 0xf7, 0x92, 0x52, 0x8b, 0x31, 0xc6, 0x5c, 0x6b,
0xee, 0xb9, 0x97, 0xd6, 0x62, 0xac, 0xb5, 0xe6, 0x9c, 0x73, 0xce, 0x3d, 0xb5, 0x16, 0x63, 0xad,
0x35, 0xe7, 0xdc, 0x73, 0xf0, 0xa9, 0xb5, 0x18, 0x63, 0xce, 0xb5, 0xf7, 0xde, 0x7b, 0x50, 0xad,
0xc5, 0x58, 0x6b, 0xae, 0x39, 0x07, 0xe1, 0x7b, 0x01, 0x00, 0xdc, 0x0d, 0x0e, 0x00, 0x10, 0x09,
0x36, 0xce, 0xb0, 0x92, 0x74, 0x56, 0x38, 0x1a, 0x5c, 0x68, 0xc8, 0x4a, 0x00, 0x20, 0x24, 0x00,
0x80, 0x40, 0x88, 0x31, 0xc6, 0x9c, 0x73, 0x0e, 0x42, 0x08, 0x21, 0x44, 0x4a, 0x31, 0xe6, 0x9c,
0x73, 0x10, 0x42, 0x08, 0x21, 0x84, 0x48, 0x29, 0xc6, 0x9c, 0x73, 0x0e, 0x42, 0x08, 0x21, 0x84,
0x90, 0x31, 0xe6, 0x9c, 0x73, 0x10, 0x42, 0x08, 0xa1, 0x94, 0x52, 0x32, 0xc6, 0x9c, 0x73, 0x0e,
0x42, 0x08, 0x25, 0x94, 0x50, 0x4a, 0xe6, 0x9c, 0x73, 0x10, 0x42, 0x08, 0xa1, 0x94, 0x52, 0x4a,
0xc9, 0x9c, 0x73, 0x0e, 0x42, 0x08, 0x21, 0x94, 0x52, 0x4a, 0x29, 0x1d, 0x74, 0x10, 0x42, 0x08,
0xa1, 0x94, 0x52, 0x4a, 0x29, 0xa5, 0x73, 0x0e, 0x42, 0x08, 0xa1, 0x94, 0x52, 0x4a, 0x29, 0xa5,
0x84, 0x10, 0x42, 0x28, 0xa5, 0x94, 0x52, 0x4a, 0x29, 0xa5, 0x94, 0x10, 0x42, 0x08, 0xa5, 0x94,
0x52, 0x4a, 0x29, 0xa5, 0x94, 0x12, 0x42, 0x08, 0xa5, 0x94, 0x52, 0x4a, 0x29, 0xa5, 0x94, 0x52,
0x42, 0x08, 0xa1, 0x94, 0x52, 0x4a, 0x29, 0xa5, 0xa4, 0x52, 0x4a, 0x08, 0xa1, 0x94, 0x52, 0x4a,
0x29, 0xa5, 0x94, 0x52, 0x4a, 0x09, 0x21, 0x94, 0x52, 0x4a, 0x29, 0xa5, 0x94, 0x52, 0x4a, 0x29,
0xa1, 0x84, 0x52, 0x4a, 0x29, 0xa5, 0x94, 0x52, 0x4a, 0x29, 0x25, 0x94, 0x50, 0x4a, 0x29, 0xa5,
0x94, 0x52, 0x4a, 0x2a, 0xa5, 0x14, 0x00, 0x00, 0x70, 0xe0, 0x00, 0x00, 0x10, 0x60, 0x04, 0x9d,
0x64, 0x54, 0x59, 0x84, 0x8d, 0x26, 0x5c, 0x78, 0x00, 0x0a, 0x0d, 0x59, 0x09, 0x00, 0x00, 0x01,
0x00, 0x20, 0xce, 0x5a, 0x6c, 0x29, 0x46, 0x46, 0x31, 0xe7, 0x20, 0x86, 0xc8, 0x20, 0xc4, 0x20,
0x86, 0x0a, 0x29, 0xc5, 0x9c, 0xb5, 0x0c, 0x29, 0x83, 0x1c, 0xa6, 0x4c, 0x29, 0x84, 0x94, 0x95,
0xce, 0x31, 0x86, 0x88, 0x93, 0x16, 0x5b, 0x0b, 0x15, 0x03, 0x00, 0x00, 0x40, 0x10, 0x00, 0x40,
0x20, 0x64, 0x02, 0x81, 0x02, 0x28, 0x30, 0x90, 0x01, 0x00, 0x07, 0x08, 0x09, 0x52, 0x00, 0x40,
0x61, 0x81, 0xa1, 0x43, 0x84, 0x08, 0x10, 0xa3, 0xc0, 0xc0, 0xb8, 0xb8, 0xb4, 0x01, 0x00, 0x08,
0x42, 0x64, 0x86, 0x48, 0x44, 0x2c, 0x06, 0x89, 0x09, 0xd5, 0x40, 0x51, 0x31, 0x1d, 0x00, 0x2c,
0x2e, 0x30, 0xe4, 0x03, 0x40, 0x86, 0xc6, 0x46, 0xda, 0xc5, 0x05, 0x74, 0x19, 0xe0, 0x82, 0x2e,
0xee, 0x3a, 0x10, 0x42, 0x10, 0x82, 0x10, 0xc4, 0xe2, 0x00, 0x0a, 0x48, 0xc0, 0xc1, 0x09, 0x37,
0x3c, 0xf1, 0x86, 0x27, 0xdc, 0xe0, 0x04, 0x9d, 0xa2, 0x52, 0x07, 0x01, 0x00, 0x00, 0x00, 0x00,
0x20, 0x00, 0x00, 0x0f, 0x00, 0x00, 0xc7, 0x06, 0x10, 0x11, 0xd1, 0x1c, 0x47, 0x87, 0xc7, 0x07,
0x48, 0x88, 0xc8, 0x08, 0x49, 0x49, 0x00, 0x00, 0x00, 0x00, 0x00, 0x38, 0x00, 0xc0, 0x07, 0x00,
0xc0, 0x61, 0x02, 0x44, 0x44, 0x34, 0xc7, 0xd1, 0xe1, 0xf1, 0x01, 0x12, 0x22, 0x32, 0x42, 0x52,
0x12, 0x00, 0x00, 0x00, 0x00, 0x00, 0x00, 0x00, 0x00, 0x00, 0x04, 0x04, 0x04, 0x00, 0x00, 0x00,
0x00, 0x00, 0x02, 0x00, 0x00, 0x00, 0x04, 0x04, 0x4f, 0x67, 0x67, 0x53, 0x00, 0x00, 0x40, 0xf0,
0x02, 0x00, 0x00, 0x00, 0x00, 0x00, 0x84, 0x94, 0xa4, 0xb4, 0x02, 0x00, 0x00, 0x00, 0x18, 0x83,
0xa3, 0x53, 0xf2, 0x13, 0x3a, 0x39, 0x39, 0x38, 0x3a, 0x36, 0x3d, 0x3a, 0x3a, 0x38, 0x3c, 0x3a,
0x39, 0x3a, 0x3a, 0x3e, 0x3d, 0x3c, 0x3b, 0x3b, 0x39, 0x39, 0x3f, 0x40, 0x3c, 0x3d, 0x38, 0x3c,
0x3d, 0x39, 0x39, 0x39, 0x37, 0x3c, 0x3a, 0x35, 0x39, 0x3a, 0x3a, 0x39, 0x3e, 0x3d, 0x3a, 0x3c,
0x39, 0x3a, 0x3a, 0x39, 0x3b, 0x3e, 0x3c, 0x3a, 0x36, 0x3a, 0x34, 0x38, 0x39, 0x38, 0x34, 0x37,
0x37, 0x34, 0x36, 0x36, 0x3a, 0x39, 0x39, 0x3a, 0x3a, 0x39, 0x38, 0x39, 0x38, 0x38, 0x38, 0x36,
0x39, 0x37, 0x3a, 0x37, 0x3a, 0x38, 0x36, 0x34, 0x35, 0x38, 0x36, 0x34, 0x40, 0x3e, 0x34, 0x30,
0x38, 0x37, 0x38, 0x3c, 0x3a, 0x39, 0x36, 0x33, 0x35, 0x31, 0x37, 0x35, 0x32, 0x31, 0x34, 0x33,
0x37, 0x37, 0x33, 0x37, 0x34, 0x33, 0x35, 0x38, 0x3e, 0x34, 0x33, 0x35, 0x35, 0x35, 0x35, 0x32,
0x3b, 0x33, 0x35, 0x13, 0x14, 0x13, 0x12, 0x14, 0x12, 0x12, 0x13, 0x12, 0x13, 0x13, 0x35, 0x36,
0x39, 0x3a, 0x35, 0x41, 0x11, 0x12, 0x13, 0x10, 0x13, 0x13, 0x11, 0x40, 0x35, 0x37, 0x32, 0x3e,
0x33, 0x11, 0x12, 0x11, 0x12, 0x15, 0x11, 0x14, 0x3d, 0x12, 0x13, 0x13, 0x13, 0x37, 0x12, 0x13,
0x13, 0x12, 0x12, 0x12, 0x14, 0x13, 0x13, 0x13, 0x14, 0x12, 0x11, 0x13, 0x11, 0x13, 0x11, 0x3d,
0x34, 0x11, 0x12, 0x14, 0x13, 0x11, 0x12, 0x10, 0x13, 0x12, 0x36, 0x12, 0x11, 0x11, 0x12, 0x12,
0x36, 0x31, 0x36, 0x35, 0x31, 0x35, 0x35, 0x33, 0x35, 0x31, 0x35, 0x32, 0x31, 0x32, 0x34, 0x35,
0x36, 0x3a, 0x36, 0x35, 0x33, 0x34, 0x34, 0x35, 0x33, 0x33, 0x34, 0x32, 0x34, 0x32, 0x36, 0x36,
0x32, 0x38, 0x35, 0x35, 0x34, 0x14, 0x22, 0x8f, 0x27, 0x01, 0xde, 0x47, 0x88, 0x1c, 0x80, 0x24,
0xd7, 0x03, 0x60, 0x3c, 0x04, 0xa1, 0x6b, 0x04, 0x5a, 0x87, 0xec, 0xb9, 0x0d, 0xc8, 0xf4, 0x07,
0x12, 0x8d, 0x30, 0xa6, 0xcc, 0xdd, 0x57, 0x76, 0x99, 0x00, 0xb4, 0x8a, 0xff, 0xa4, 0x12, 0xf1,
0x6f, 0x05, 0x5c, 0x16, 0x6e, 0xef, 0x6a, 0xb1, 0x3b, 0x78, 0x60, 0x70, 0x1a, 0x06, 0x5c, 0x92,
0xcf, 0xac, 0x4a, 0x43, 0xc8, 0x64, 0xdd, 0x77, 0x11, 0xd7, 0x9d, 0xbd, 0xc5, 0xdd, 0x00, 0x8b,
0x85, 0x0d, 0x9e, 0x88, 0xbc, 0x29, 0x1b, 0x01, 0x7f, 0x81, 0xff, 0x8f, 0x30, 0xa6, 0xcc, 0x6d,
0x99, 0x00, 0x60, 0x22, 0xf4, 0x5f, 0xbf, 0x2d, 0xcd, 0x68, 0xd4, 0xc2, 0xa2, 0xe3, 0x3e, 0x8d,
0x23, 0x7e, 0xc2, 0x1d, 0x67, 0x2e, 0x2c, 0xc9, 0xec, 0xf8, 0x97, 0x73, 0x16, 0x81, 0x59, 0x25,
0x58, 0xb4, 0x66, 0xb0, 0x65, 0x7a, 0xfc, 0x8a, 0x98, 0x30, 0x00, 0x3e, 0x88, 0x3c, 0xad, 0x0d,
0xa1, 0x7d, 0x40, 0xc2, 0x11, 0xc6, 0x94, 0x85, 0x27, 0x07, 0x00, 0x18, 0x85, 0xd8, 0x24, 0x6d,
0x8b, 0xf8, 0xe9, 0x1a, 0xf0, 0x32, 0xea, 0x39, 0x25, 0x3f, 0xd5, 0x92, 0x38, 0xb4, 0xba, 0x6a,
0xb0, 0xac, 0xfa, 0xf6, 0x75, 0x8c, 0x5b, 0x64, 0x87, 0x46, 0x51, 0x94, 0xfb, 0xb7, 0xaa, 0xa4,
0x55, 0x0a, 0xb8, 0x04, 0xbe, 0x88, 0xbc, 0x80, 0x0d, 0x80, 0x0f, 0x48, 0x34, 0x32, 0x32, 0xa6,
0xcc, 0xd8, 0x4d, 0x52, 0x03, 0xc4, 0x24, 0x8d, 0x6f, 0x07, 0xed, 0x49, 0x55, 0x8b, 0x1e, 0xc5,
0x5d, 0x4b, 0xb9, 0xa4, 0x58, 0xd4, 0x5e, 0x28, 0xb3, 0x8f, 0x62, 0x1a, 0x72, 0x04, 0xb9, 0x40,
0x82, 0x81, 0xb9, 0x2e, 0x63, 0xaf, 0x9d, 0xaa, 0x29, 0x09, 0x26, 0x00, 0x3e, 0x88, 0x3c, 0xac,
0x0d, 0x61, 0x7e, 0x40, 0xe2, 0x23, 0x8c, 0x29, 0x0b, 0xdf, 0x66, 0x00, 0x60, 0x95, 0xea, 0xea,
0x4a, 0xf7, 0xf3, 0xcd, 0x46, 0x21, 0xa2, 0x5d, 0xb1, 0x0f, 0x91, 0xbc, 0xa3, 0x44, 0x88, 0xaa,
0x7a, 0x0d, 0xed, 0xbd, 0x9f, 0x4a, 0xda, 0xd5, 0x62, 0x03, 0xfa, 0x2e, 0x32, 0x51, 0x4c, 0x85,
0x71, 0xf2, 0x93, 0x06, 0x4c, 0x00, 0x7e, 0x88, 0x3c, 0x95, 0x0d, 0xa0, 0xbf, 0x40, 0xa2, 0x01,
0xc6, 0x84, 0xb9, 0x67, 0x06, 0x09, 0x48, 0x14, 0x95, 0x5f, 0xed, 0xe8, 0x71, 0x15, 0x1c, 0xaf,
0xb8, 0xe3, 0xa1, 0xcd, 0xce, 0xbc, 0x41, 0xaa, 0xb5, 0x80, 0x74, 0x9c, 0x35, 0xcc, 0x35, 0xc1,
0xe4, 0x08, 0xb6, 0xd8, 0x49, 0x36, 0x3e, 0x21, 0xe9, 0x91, 0xe4, 0x00, 0x7e, 0x88, 0xbc, 0x13,
0x1b, 0x45, 0xe3, 0xc5, 0xc2, 0xff, 0x36, 0x30, 0x3e, 0x58, 0x38, 0x66, 0x92, 0x06, 0x44, 0x49,
0x39, 0x65, 0xee, 0xa1, 0xed, 0x6a, 0xa3, 0x50, 0xc9, 0x6f, 0xff, 0xc7, 0xe2, 0x9d, 0x9e, 0x00,
0x86, 0x89, 0x16, 0x46, 0x34, 0x6e, 0xe0, 0x79, 0xba, 0x69, 0x9d, 0x30, 0x2a, 0x50, 0xe7, 0xbe,
0xa0, 0xba, 0x19, 0x4a, 0x8d, 0x76, 0x4e, 0x12, 0x00, 0xbe, 0x88, 0x7c, 0x82, 0x8d, 0x02, 0x0f,
0xf0, 0xdf, 0x08, 0x63, 0xca, 0xdc, 0x4e, 0x14, 0x00, 0x20, 0x52, 0x48, 0xfe, 0x6a, 0x30, 0xd3,
0x35, 0x08, 0x11, 0xb9, 0xe0, 0x4d, 0x52, 0xd1, 0x86, 0x46, 0x3b, 0x89, 0xb8, 0xe4, 0x76, 0x70,
0xf5, 0xb0, 0x79, 0x2c, 0x03, 0x80, 0x27, 0x67, 0xbc, 0x4e, 0x44, 0x6c, 0x91, 0x0b, 0xb6, 0x14,
0xe6, 0x0b, 0x02, 0x7e, 0x88, 0xdc, 0xc2, 0x0d, 0xd1, 0xf8, 0xb0, 0x90, 0x70, 0x64, 0x32, 0xa6,
0xcc, 0xa9, 0xc6, 0x4b, 0x02, 0xc0, 0x78, 0xa4, 0x49, 0x33, 0x5f, 0x13, 0xeb, 0x22, 0xe2, 0x74,
0xcf, 0x92, 0x1e, 0xbb, 0xd6, 0x64, 0x13, 0xc7, 0x35, 0xd1, 0xd0, 0xbc, 0xc1, 0x47, 0x85, 0x4e,
0x84, 0xb4, 0xf4, 0xe9, 0x6d, 0x4d, 0x7b, 0x02, 0x55, 0x98, 0x7f, 0xf6, 0x06, 0x3e, 0x89, 0x7c,
0xc3, 0x8d, 0x40, 0x7b, 0x80, 0xff, 0x8d, 0x30, 0xa6, 0x2c, 0xf4, 0xd1, 0x35, 0x00, 0xa2, 0x82,
0x67, 0xc7, 0xaf, 0x57, 0x43, 0x53, 0x85, 0x72, 0x89, 0x9d, 0xb4, 0x2e, 0x2a, 0x95, 0x44, 0x9d,
0xa4, 0x70, 0xc8, 0xea, 0xa1, 0xe6, 0xd6, 0x37, 0x96, 0x4c, 0xe0, 0x5c, 0x53, 0x89, 0xc0, 0xec,
0xc9, 0x3f, 0xb6, 0x91, 0x00, 0x7e, 0x89, 0x7c, 0xd3, 0x0d, 0x51, 0xfd, 0xb1, 0xee, 0xf6, 0xbf,
0x91, 0xc5, 0x98, 0xb2, 0x60, 0x72, 0x0f, 0x00, 0x44, 0x49, 0xe5, 0xdd, 0x1e, 0x0c, 0x3d, 0x1a,
0x22, 0xee, 0xaa, 0x00, 0x6b, 0x5d, 0x20, 0x03, 0x76, 0x13, 0xb7, 0xc7, 0xa5, 0x40, 0xf1, 0xce,
0x21, 0xc6, 0x0a, 0xc7, 0xc6, 0x08, 0x39, 0xe4, 0xca, 0x7d, 0x2e, 0xa7, 0xb6, 0x8c, 0x44, 0x01,
0x00, 0x5e, 0x99, 0xdc, 0x8a, 0x41, 0xa1, 0x0c, 0xc1, 0x6a, 0x24, 0xda, 0xb0, 0x35, 0x3e, 0x58,
0xd8, 0xa2, 0x01, 0x20, 0x4a, 0xf8, 0x72, 0xec, 0x35, 0xfa, 0xe9, 0x4d, 0x04, 0x40, 0x11, 0xfa,
0x34, 0x2a, 0x22, 0x38, 0xdc, 0x27, 0x2c, 0x29, 0x4d, 0x93, 0x95, 0x8c, 0x0e, 0x7f, 0x16, 0xa8,
0xd6, 0x20, 0xd7, 0xc6, 0x20, 0xfe, 0x0d, 0x69, 0x4c, 0x51, 0x02, 0x7e, 0xa9, 0x7c, 0x8a, 0x0d,
0x85, 0x04, 0x04, 0x12, 0xdf, 0x30, 0x30, 0x3e, 0x58, 0xe8, 0xf9, 0x1e, 0x09, 0x90, 0x28, 0xbc,
0xfa, 0xce, 0x65, 0x8c, 0x58, 0xf5, 0x0e, 0x1c, 0x4f, 0x5f, 0x13, 0x2e, 0xb2, 0x77, 0x32, 0xa6,
0x82, 0xe5, 0xd0, 0x74, 0x17, 0x13, 0x31, 0x2c, 0x6d, 0xa0, 0x38, 0xf7, 0x09, 0x12, 0x08, 0xad,
0x6e, 0x9c, 0xa3, 0x01, 0x5e, 0xb9, 0xbc, 0x8b, 0x0d, 0x85, 0x28, 0x04, 0x25, 0xd1, 0x86, 0xcc,
0x36, 0x3e, 0x58, 0x50, 0x39, 0xb9, 0x0b, 0x40, 0x64, 0x84, 0x34, 0x5d, 0x9b, 0x73, 0xfc, 0x8a,
0x17, 0x42, 0x1d, 0x3e, 0x04, 0xe5, 0xec, 0x68, 0xc4, 0x69, 0x51, 0x38, 0xb0, 0x33, 0x89, 0x0f,
0x10, 0x6f, 0x17, 0xee, 0x75, 0x90, 0xbb, 0xfc, 0xd4, 0x06, 0x1a, 0xaa, 0x93, 0x09, 0xbe, 0xa9,
0x7c, 0xb3, 0x0d, 0x85, 0x14, 0x04, 0x21, 0xf1, 0x0d, 0x8c, 0x0f, 0x16, 0xd4, 0x33, 0x00, 0x44,
0x07, 0x9c, 0x1e, 0x96, 0x6e, 0x63, 0xaa, 0x55, 0x74, 0xd0, 0x63, 0xd7, 0x8d, 0x37, 0x05, 0x15,
0x6c, 0x9b, 0x42, 0x6c, 0x7e, 0xf9, 0x15, 0xf0, 0xd8, 0x4d, 0xd6, 0x08, 0x92, 0x94, 0xc4, 0xdd,
0xa6, 0xad, 0x94, 0x76, 0x4f, 0x30, 0x5e, 0x00, 0x9e, 0x89, 0xbc, 0xb3, 0x21, 0x21, 0x85, 0x30,
0x52, 0x92, 0x1b, 0xd6, 0xc6, 0x84, 0xcd, 0x3c, 0xba, 0x06, 0xc0, 0x55, 0xd4, 0x12, 0x96, 0xfb,
0xa7, 0x3b, 0x08, 0x74, 0x92, 0x21, 0x77, 0x72, 0xe8, 0xbd, 0x46, 0xca, 0xcc, 0xf4, 0xa7, 0x3b,
0xeb, 0x9e, 0x98, 0xf1, 0x5a, 0xe3, 0xf9, 0x5e, 0x80, 0x20, 0x0b, 0x71, 0xf3, 0x72, 0x29, 0x15,
0xb5, 0x59, 0x89, 0x73, 0x7b, 0x00, 0x3e, 0x89, 0xdc, 0x82, 0x41, 0x21, 0xca, 0xe8, 0xe7, 0x48,
0x6a, 0x64, 0x36, 0x3e, 0x58, 0x50, 0xce, 0x0b, 0x00, 0xab, 0x60, 0xe9, 0xd9, 0x77, 0x6b, 0x06,
0x57, 0x6a, 0x06, 0x94, 0x9b, 0xbc, 0x51, 0xff, 0x02, 0xb0, 0xdc, 0xfc, 0x51, 0x1c, 0x9f, 0xba,
0x6c, 0x3d, 0x6d, 0xfc, 0x46, 0x3c, 0xa8, 0x00, 0x50, 0x26, 0xeb, 0x9c, 0x1f, 0x8e, 0x94, 0x38,
0x62, 0x4f, 0x01, 0x7e, 0x99, 0x7c, 0x82, 0x0d, 0x80, 0x1f, 0x48, 0x7c, 0x84, 0xf1, 0xc1, 0x8c,
0xed, 0xd1, 0x09, 0x40, 0x0e, 0x83, 0xc0, 0x3f, 0xbe, 0xcf, 0x0c, 0x69, 0x0d, 0xbc, 0xf6, 0x55,
0xfa, 0xb2, 0xc5, 0xf7, 0xd9, 0xba, 0x98, 0x60, 0x27, 0x22, 0x94, 0xca, 0xf6, 0x46, 0xb0, 0x54,
0x33, 0x01, 0xcc, 0xd8, 0x42, 0x5d, 0xed, 0x0b, 0x1a, 0xef, 0x4a, 0x1b, 0x32, 0x3f, 0x01, 0x3e,
0x89, 0xbc, 0xc2, 0x61, 0x42, 0x14, 0x62, 0x55, 0x12, 0x1f, 0x19, 0x18, 0x53, 0xe6, 0x14, 0xc5,
0x2e, 0x00, 0xd1, 0xc3, 0x65, 0x84, 0xa3, 0x9d, 0x04, 0x51, 0x25, 0x4e, 0x32, 0xe3, 0xfd, 0x0f,
0x1d, 0xbf, 0xf2, 0x04, 0x88, 0x20, 0xad, 0x35, 0xfd, 0xb7, 0xf7, 0x2c, 0x06, 0x44, 0xdb, 0x98,
0xea, 0x29, 0xc6, 0xb0, 0x7d, 0xdd, 0x4c, 0x05, 0x0b, 0x05, 0xbe, 0x89, 0x7c, 0xd0, 0x21, 0x21,
0x8a, 0x90, 0x24, 0x39, 0xc2, 0x98, 0xb2, 0x75, 0xaa, 0xeb, 0x04, 0x20, 0x52, 0xf8, 0xd9, 0xfe,
0x9b, 0x87, 0x8e, 0x42, 0x51, 0xc8, 0xc2, 0xe7, 0x8b, 0x85, 0x52, 0x93, 0x18, 0x57, 0x26, 0x8a,
0xe4, 0x14, 0x48, 0x25, 0x42, 0x83, 0xc0, 0x21, 0x00, 0x54, 0x19, 0x62, 0x87, 0xac, 0xb3, 0x55,
0x56, 0xaf, 0x47, 0x55, 0x09, 0x5e, 0x89, 0xbc, 0x89, 0x61, 0x42, 0xe1, 0x88, 0x8b, 0x84, 0x23,
0x8b, 0x31, 0x65, 0x41, 0x99, 0x09, 0x00, 0x23, 0xd1, 0xd3, 0x65, 0x49, 0xdb, 0x63, 0x54, 0x8c,
0xb1, 0x2b, 0x68, 0x5e, 0x97, 0x95, 0x9e, 0x22, 0x98, 0x85, 0x47, 0xe4, 0xb5, 0xdc, 0x9d, 0x7f,
0x4d, 0x54, 0x19, 0xda, 0x23, 0x69, 0x70, 0x21, 0x4e, 0x64, 0xaf, 0x25, 0x25, 0x00, 0x5e, 0x88,
0x3c, 0x95, 0x0d, 0xc1, 0x5f, 0x20, 0xd1, 0x00, 0x63, 0xc2, 0xc2, 0x63, 0xa5, 0x06, 0x48, 0x3c,
0x2a, 0x9e, 0xf1, 0x9b, 0x9c, 0x04, 0xac, 0xd3, 0xd5, 0x29, 0xd1, 0xd3, 0x9f, 0xe2, 0xbd, 0x1d,
0x47, 0x8e, 0xa4, 0xc9, 0xd4, 0x8e, 0x11, 0x5e, 0x2e, 0x63, 0x40, 0x60, 0xdb, 0x9b, 0x81, 0x24,
0xc2, 0x2f, 0xa6, 0x31, 0x9a, 0x84, 0x92, 0xbe, 0x88, 0x3c, 0x89, 0x61, 0x42, 0x24, 0x04, 0x23,
0xd1, 0xc8, 0x62, 0x4c, 0x59, 0x58, 0x51, 0x04, 0x00, 0xa5, 0xf4, 0xc5, 0xc4, 0xa6, 0x87, 0xcc,
0x53, 0x8d, 0x96, 0x68, 0xf5, 0xda, 0x9f, 0x2b, 0x45, 0x31, 0xe6, 0x40, 0xbb, 0x84, 0xf2, 0x9a,
0x45, 0x85, 0xca, 0x93, 0x34, 0x1f, 0xad, 0x99, 0xef, 0x3d, 0xc2, 0x9d, 0x81, 0xf8, 0x5f, 0xad,
0x4b, 0xf6, 0x83, 0x32, 0x14, 0x00, 0x1e, 0x89, 0x3c, 0xc1, 0xa0, 0x10, 0x23, 0xe0, 0x24, 0xbe,
0x81, 0xf1, 0xc1, 0x82, 0x89, 0x88, 0x79, 0x01, 0x58, 0x89, 0xaa, 0x34, 0xda, 0x74, 0xb9, 0x4b,
0x74, 0x54, 0x70, 0xa5, 0x00, 0x9c, 0x6f, 0x95, 0x9f, 0x2b, 0x8f, 0xad, 0xc5, 0xf9, 0x6a, 0xfe,
0xd3, 0x8d, 0x76, 0x2f, 0x9f, 0x2d, 0x11, 0x40, 0xdd, 0xdf, 0x97, 0xfb, 0xff, 0xe3, 0xd9, 0x3f,
0x66, 0xe2, 0xd3, 0x50, 0xd1, 0x00, 0x7e, 0x89, 0xbc, 0x81, 0x21, 0x21, 0x20, 0x90, 0xf4, 0x11,
0xc6, 0x94, 0xad, 0xe7, 0x1c, 0x0d, 0x40, 0x10, 0x69, 0xdd, 0xad, 0xa5, 0xd1, 0xa3, 0x83, 0x87,
0xba, 0xa2, 0xb3, 0x20, 0x8c, 0x4d, 0xd0, 0x00, 0x3a, 0x8c, 0xc0, 0xf4, 0x3f, 0xbf, 0x75, 0xb4,
0x8b, 0x44, 0x03, 0xa8, 0x7b, 0x48, 0x41, 0x45, 0x25, 0x93, 0x1c, 0x95, 0x31, 0x4e, 0x08, 0x2b,
0x22, 0x01, 0xde, 0x88, 0xdc, 0xc9, 0x41, 0x21, 0x86, 0x61, 0x9f, 0xc4, 0x47, 0x4a, 0xc6, 0x94,
0x05, 0x65, 0xf1, 0x39, 0x03, 0x80, 0xd8, 0xa0, 0xbb, 0x1d, 0x33, 0xaa, 0x87, 0x52, 0x61, 0xaa,
0x16, 0x2f, 0xa5, 0xc5, 0x57, 0x0d, 0x58, 0xa2, 0x71, 0xa6, 0x04, 0xc2, 0xd3, 0x1a, 0xbf, 0x35,
0x36, 0x0c, 0x00, 0x94, 0xc1, 0x8f, 0x4b, 0xda, 0xe4, 0x1b, 0x8c, 0x35, 0xa8, 0x53, 0x04, 0x3e,
0x89, 0xbc, 0x82, 0x61, 0x42, 0x40, 0x20, 0xe1, 0xc8, 0xda, 0x98, 0xb2, 0xed, 0x30, 0x59, 0x00,
0x20, 0xf2, 0x60, 0x4a, 0xbf, 0xb9, 0xbb, 0xf5, 0x8a, 0x05, 0x8a, 0x18, 0xdb, 0x7a, 0x3d, 0x09,
0x60, 0x3d, 0xd6, 0x51, 0x08, 0xfd, 0x61, 0xa9, 0x77, 0xa8, 0x02, 0x0c, 0xa4, 0x8c, 0xbf, 0x52,
0x02, 0xbb, 0x05, 0x19, 0x04, 0x6e, 0x00, 0x1e, 0x89, 0xbc, 0xa0, 0x61, 0x42, 0x14, 0xa1, 0xed,
0x84, 0x23, 0x93, 0x31, 0x65, 0x5b, 0x26, 0x0e, 0x00, 0x4c, 0x84, 0x84, 0xa4, 0xa7, 0x53, 0xfa,
0x53, 0x55, 0x42, 0xf4, 0x81, 0x10, 0xb1, 0xbf, 0xcb, 0x1d, 0x27, 0x2f, 0xcb, 0x82, 0x65, 0x7c,
0x57, 0xcf, 0xb3, 0xb7, 0x4c, 0x8d, 0x53, 0x92, 0x87, 0xbc, 0xe2, 0x9d, 0xf2, 0xa0, 0xbc, 0x02,
0xa9, 0x20, 0x25, 0x3e, 0xa9, 0xbc, 0xa0, 0x61, 0x42, 0x20, 0xd8, 0x23, 0xa9, 0x0d, 0x8c, 0x0f,
0x16, 0x14, 0xfd, 0x6d, 0x13, 0x40, 0x96, 0x08, 0x72, 0xca, 0x9c, 0xad, 0x05, 0x07, 0x47, 0x68,
0xd9, 0xf1, 0x5f, 0xac, 0x23, 0xa2, 0x72, 0x42, 0xf8, 0x2a, 0x86, 0x71, 0x26, 0xf1, 0xed, 0xde,
0xd4, 0x13, 0x06, 0x60, 0x40, 0xf5, 0xbf, 0x2f, 0xcb, 0xe4, 0x32, 0xfd, 0x5d, 0xab, 0x96, 0x07,
0x9e, 0xc9, 0xbc, 0x83, 0x0d, 0x84, 0x00, 0x81, 0xa4, 0x36, 0x30, 0x3e, 0xd8, 0x1c, 0x47, 0x94,
0x09, 0xc0, 0x3a, 0x10, 0xd5, 0x55, 0xa5, 0x99, 0xeb, 0x01, 0xe9, 0x2a, 0x60, 0x8f, 0x33, 0x8c,
0x32, 0x68, 0x10, 0xe2, 0xc4, 0x2d, 0x0f, 0xdd, 0xa6, 0x51, 0xde, 0x43, 0x14, 0x60, 0xef, 0xb4,
0x63, 0x14, 0x12, 0x5c, 0xc2, 0x81, 0xd1, 0x4e, 0x1d, 0x9e, 0xe9, 0x3c, 0xd0, 0x90, 0x50, 0x36,
0x06, 0x33, 0xd9, 0x37, 0xcc, 0x16, 0x1d, 0xcc, 0xe9, 0xb8, 0x32, 0x13, 0x20, 0x4a, 0xd4, 0x99,
0xe4, 0xf1, 0xeb, 0x70, 0xa0, 0x62, 0x83, 0xf8, 0xe1, 0x50, 0x17, 0x0f, 0xaf, 0xbb, 0x93, 0x8d,
0x7d, 0xfb, 0x08, 0x81, 0xf5, 0xaf, 0xf7, 0x24, 0x90, 0xfb, 0xa6, 0xda, 0x4f, 0x45, 0xd2, 0xc3,
0x30, 0x00, 0x9e, 0xd9, 0xdc, 0xa2, 0x61, 0x42, 0x26, 0x03, 0xc9, 0xd9, 0xc0, 0xf8, 0x62, 0xc1,
0x3c, 0xde, 0x25, 0x80, 0x28, 0x51, 0x4b, 0x37, 0xb1, 0xe9, 0x1e, 0xa0, 0x85, 0xba, 0xda, 0x2f,
0x92, 0x31, 0x1b, 0x76, 0xee, 0x1d, 0x56, 0x99, 0xfc, 0xc3, 0x89, 0x0c, 0x7f, 0x61, 0x66, 0xd9,
0x86, 0xaa, 0x7a, 0x4f, 0x59, 0xaf, 0x6e, 0xd7, 0xd2, 0x37, 0x79, 0x7e, 0xa9, 0xdc, 0x92, 0x83,
0x42, 0x82, 0xc1, 0x4e, 0xfa, 0x48, 0x5a, 0x63, 0xca, 0x82, 0x9c, 0x73, 0x22, 0x01, 0x24, 0x12,
0xb0, 0xf3, 0xeb, 0x6d, 0x02, 0x48, 0x40, 0xe8, 0xd0, 0xe3, 0x50, 0xae, 0xa4, 0xd4, 0x3e, 0x83,
0x9a, 0xca, 0x06, 0x30, 0xb8, 0x3a, 0x52, 0xb4, 0xc0, 0xec, 0x66, 0x75, 0x15, 0x58, 0xca, 0x1c,
0x29, 0x02, 0x9e, 0x88, 0xdc, 0xd1, 0x30, 0x21, 0x06, 0xf1, 0x20, 0xc9, 0x11, 0xc6, 0x94, 0x05,
0xf5, 0xa8, 0x1b, 0x00, 0x91, 0xc7, 0x53, 0xcc, 0x79, 0x26, 0x6e, 0x42, 0xd4, 0xa0, 0x22, 0xca,
0x68, 0xa3, 0xbd, 0x9f, 0x1c, 0x83, 0x14, 0xe2, 0x71, 0x08, 0x73, 0x93, 0x9b, 0xed, 0xee, 0xb5,
0x6c, 0x00, 0x18, 0xf0, 0xd4, 0x64, 0x67, 0xa3, 0x25, 0xe8, 0x1f, 0xc5, 0xa4, 0x00, 0x7e, 0x89,
0xdc, 0x82, 0x01, 0x21, 0x30, 0x90, 0xcc, 0x11, 0xc6, 0x94, 0x19, 0xe6, 0x39, 0x67, 0x16, 0x20,
0x52, 0x10, 0xe6, 0xb1, 0x78, 0x62, 0x67, 0x55, 0x61, 0x84, 0x40, 0xfd, 0xb3, 0x53, 0x2d, 0x98,
0xc0, 0xa1, 0x9c, 0x26, 0xe7, 0xae, 0x6d, 0x36, 0x33, 0x6b, 0x26, 0x60, 0x92, 0xd2, 0xd8, 0xde,
0x4d, 0x58, 0x27, 0x93, 0x2d, 0x4e, 0x0d, 0x09, 0x9e, 0xc9, 0xbc, 0x81, 0xe1, 0x42, 0x20, 0x20,
0xc9, 0x0d, 0x43, 0xc6, 0x17, 0x33, 0x94, 0xfd, 0xcc, 0x01, 0x40, 0xe4, 0x00, 0x6b, 0x8e, 0xee,
0x36, 0x47, 0x4a, 0x05, 0xc5, 0x13, 0x51, 0x1e, 0x15, 0xf9, 0x4a, 0x39, 0xd6, 0xe9, 0x0c, 0xd5,
0xd1, 0xf0, 0x3c, 0x03, 0x80, 0xe0, 0x29, 0x42, 0x6d, 0xb4, 0xb9, 0x13, 0x00, 0x5e, 0xf9, 0x3c,
0xc0, 0x70, 0x21, 0x10, 0x90, 0x9c, 0x0d, 0x8c, 0x2f, 0xe6, 0x14, 0x2f, 0xff, 0x16, 0x01, 0x50,
0x0e, 0x9a, 0xec, 0xa5, 0xf5, 0x8a, 0x2a, 0x3d, 0x16, 0x17, 0xe1, 0x34, 0x30, 0x77, 0x18, 0xba,
0x49, 0x1a, 0x41, 0x8f, 0x60, 0x9c, 0x86, 0xbd, 0x54, 0xd5, 0x8b, 0x00, 0x20, 0x3c, 0x02, 0x95,
0x15, 0x9e, 0xcd, 0x19, 0xf1, 0x00, 0x7e, 0xe9, 0xdc, 0xf1, 0x90, 0x50, 0x74, 0xc6, 0xc3, 0x48,
0xee, 0x2d, 0x8c, 0x2f, 0x36, 0x47, 0xcc, 0x09, 0x80, 0x2b, 0x81, 0x47, 0xf9, 0xb3, 0x69, 0xc1,
0x6b, 0x23, 0xae, 0x09, 0x8c, 0x7e, 0x7a, 0xea, 0xed, 0x40, 0xb5, 0x3c, 0xb7, 0x45, 0x3f, 0xc0,
0xb1, 0xcb, 0xad, 0x46, 0x03, 0xb0, 0x44, 0xc9, 0x6f, 0xc1, 0x6d, 0xb6, 0xe3, 0xd2, 0xfb, 0x04,
0xde, 0xf9, 0xbc, 0xe2, 0xe1, 0x42, 0xd1, 0x10, 0x0f, 0x25, 0xd9, 0x37, 0x30, 0x3e, 0x58, 0xd0,
0xe3, 0x3c, 0x01, 0xb0, 0x12, 0x34, 0x6f, 0x7d, 0x27, 0x5a, 0xcc, 0x28, 0x52, 0xc8, 0xbd, 0xe2,
0x8c, 0xd9, 0x72, 0x46, 0xac, 0x8f, 0xe2, 0x50, 0x26, 0xd2, 0x24, 0x6d, 0x97, 0xc7, 0x39, 0x84,
0x95, 0x65, 0x35, 0x09, 0x13, 0x50, 0xd3, 0x3b, 0x11, 0x00, 0x5e, 0x09, 0x9d, 0xf0, 0xa0, 0x50,
0x55, 0x71, 0x39, 0xc9, 0x73, 0x03, 0xe3, 0x8b, 0x05, 0xf7, 0xfb, 0x8f, 0x0e, 0x00, 0x46, 0x02,
0xaf, 0xb5, 0xbd, 0x34, 0x4f, 0x99, 0x8e, 0x9d, 0xc8, 0xf0, 0x61, 0xbd, 0x99, 0x3d, 0x8a, 0xa3,
0xfa, 0xf6, 0x24, 0x7b, 0x4e, 0xe3, 0xb3, 0x3f, 0x52, 0xc1, 0xd9, 0xd0, 0xe5, 0x8a, 0xd5, 0xfb,
0x31, 0x35, 0x00, 0x7e, 0xf9, 0x3c, 0xc9, 0xe1, 0x42, 0x02, 0x61, 0x8e, 0xe4, 0xde, 0x50, 0x6d,
0x7c, 0xb0, 0x19, 0x7d, 0x53, 0x08, 0x00, 0xab, 0xd0, 0xf4, 0x98, 0x2b, 0xd8, 0xee, 0x0e, 0x45,
0x63, 0xfa, 0xe0, 0x0d, 0x17, 0xa0, 0xeb, 0xe2, 0x19, 0x67, 0xd0, 0x35, 0x99, 0x9d, 0xff, 0xf3,
0x13, 0x9c, 0x4e, 0x52, 0x09, 0xfa, 0x42, 0xc9, 0x45, 0x1c, 0x89, 0xa7, 0xcf, 0x29, 0x4f, 0x35,
0x00, 0x7e, 0xf9, 0x9c, 0xd0, 0x80, 0x50, 0x94, 0x62, 0x19, 0x25, 0x79, 0x6c, 0x28, 0x5b, 0x3e,
0x58, 0x70, 0x92, 0x5d, 0x00, 0x90, 0x25, 0x7a, 0x48, 0xa5, 0xab, 0xf7, 0xe6, 0xae, 0x32, 0xab,
0x15, 0xf5, 0x52, 0x17, 0x12, 0x89, 0x8b, 0xb8, 0x3d, 0xef, 0x7b, 0x24, 0x46, 0xa7, 0x72, 0x36,
0xca, 0x30, 0x02, 0x80, 0xc4, 0x49, 0x59, 0xda, 0xe1, 0xce, 0x5b, 0x6d, 0x78, 0x02, 0x9e, 0xd9,
0x3c, 0xc4, 0xa0, 0x50, 0x08, 0xc1, 0x43, 0x48, 0xd6, 0x86, 0xb4, 0xc6, 0x07, 0x0b, 0xc6, 0x1e,
0x05, 0x00, 0x89, 0x04, 0x2d, 0x6d, 0xe6, 0xc4, 0x1d, 0x89, 0xda, 0x0b, 0xd1, 0x06, 0xeb, 0x43,
0xab, 0x76, 0x44, 0xf6, 0x0b, 0x33, 0x90, 0x22, 0xe2, 0x82, 0x87, 0xcb, 0x32, 0xf0, 0x28, 0x5c,
0x02, 0xc9, 0x5a, 0x04, 0x25, 0x8f, 0x2c, 0x00, 0xde, 0xb8, 0x5c, 0x89, 0x61, 0x42, 0x6d, 0x8c,
0x8b, 0xa4, 0x36, 0x30, 0xbe, 0x58, 0x50, 0x25, 0xfe, 0x5c, 0x00, 0x8c, 0xa4, 0x2a, 0x15, 0x75,
0x4d, 0xcd, 0x68, 0xee, 0xa8, 0x96, 0x71, 0x59, 0xbb, 0xcd, 0x15, 0x64, 0x04, 0x7c, 0x2f, 0x5e,
0xcf, 0xb2, 0xcc, 0xf3, 0xcd, 0x97, 0xa1, 0x49, 0x5d, 0x87, 0xb3, 0x83, 0xf1, 0x85, 0xa3, 0x6c,
0x85, 0x4e, 0x36, 0x00, 0xbe, 0xf9, 0xdc, 0xea, 0x61, 0x42, 0x19, 0x84, 0x17, 0xc9, 0xbd, 0xa1,
0xda, 0xf8, 0x60, 0x73, 0xec, 0x5c, 0x02, 0x60, 0x24, 0x54, 0xf3, 0x66, 0x58, 0x51, 0x67, 0x29,
0x17, 0x17, 0x84, 0xfa, 0x0c, 0x61, 0x25, 0xf7, 0x84, 0xb7, 0x48, 0x39, 0x33, 0xb6, 0xaa, 0x62,
0x92, 0x5e, 0xb1, 0xe9, 0x62, 0x33, 0xe7, 0xc2, 0x5e, 0x11, 0xec, 0x3a, 0x00, 0x3e, 0x09, 0x9d,
0xc1, 0x30, 0xa1, 0x74, 0xc4, 0xba, 0x4b, 0xf2, 0xd8, 0x90, 0x62, 0x29, 0x65, 0xc1, 0xb9, 0xba,
0x52, 0x02, 0x24, 0x42, 0xa0, 0xbd, 0x64, 0x8f, 0x3c, 0x44, 0x31, 0xbd, 0x54, 0x22, 0xd1, 0xc5,
0x8a, 0x80, 0x9a, 0xa1, 0xd9, 0x91, 0x84, 0x4a, 0xde, 0xdb, 0x23, 0xf1, 0x32, 0xaf, 0x5d, 0x03,
0x20, 0xa3, 0x4c, 0x1f, 0xc5, 0xf5, 0x45, 0xfe, 0xf8, 0x6c, 0xfc, 0xa0, 0x50, 0x1e, 0xc6, 0xab,
0x8c, 0x64, 0x1f, 0x61, 0x8d, 0xb2, 0xf9, 0xe6, 0x3a, 0x03, 0x40, 0x22, 0x51, 0x3e, 0xf5, 0xae,
0xbf, 0xc4, 0xea, 0x85, 0x76, 0x04, 0x35, 0x03, 0x1e, 0xe1, 0x0e, 0x0c, 0xbe, 0x2c, 0xcd, 0x74,
0xa6, 0x99, 0x6c, 0x72, 0x66, 0x9d, 0x60, 0x05, 0x18, 0x27, 0x91, 0x3a, 0x66, 0xfc, 0x29, 0x7b,
0x00, 0x1e, 0xf9, 0x1c, 0xb9, 0x41, 0xa1, 0xec, 0x82, 0x97, 0x96, 0xdc, 0x1b, 0x58, 0x74, 0x30,
0x43, 0xe4, 0x3c, 0x00, 0x48, 0x24, 0x20, 0x31, 0x9d, 0xe0, 0xda, 0x9b, 0xf6, 0x10, 0xaa, 0x74,
0x1b, 0x78, 0xdf, 0xe5, 0xe9, 0xa1, 0xde, 0x33, 0x73, 0xc3, 0x88, 0x1a, 0x06, 0x89, 0xff, 0xae,
0x04, 0xe0, 0x1d, 0x07, 0x0f, 0x58, 0x63, 0x9b, 0x1e, 0x00, 0x1e, 0x09, 0x9d, 0xf9, 0x61, 0x42,
0x51, 0x88, 0xcb, 0x48, 0xf6, 0x0d, 0xac, 0x52, 0xe6, 0xdc, 0x28, 0xaa, 0x01, 0x40, 0x76, 0xc0,
0x9e, 0xf3, 0x8f, 0x69, 0xb0, 0xc1, 0xbb, 0x0a, 0x4c, 0xae, 0x31, 0x0a, 0xdd, 0x1d, 0xe2, 0x07,
0x69, 0x3b, 0x78, 0x94, 0xe5, 0x3c, 0xa7, 0xf7, 0xba, 0x00, 0x00, 0xb2, 0x7e, 0xae, 0x23, 0xd8,
0x4d, 0xcc, 0xba, 0x68, 0x0f, 0x9e, 0x08, 0x2d, 0xe1, 0xa0, 0x50, 0x34, 0xc6, 0x2a, 0x26, 0xcf,
0x0d, 0xd5, 0x16, 0x1f, 0x6c, 0xb1, 0xde, 0x9f, 0x68, 0x34, 0x58, 0x09, 0xe2, 0x4b, 0x83, 0xdd,
0x17, 0xc3, 0x37, 0x4d, 0x80, 0x24, 0xf2, 0x4b, 0xd0, 0x35, 0xac, 0xc1, 0xb7, 0xf5, 0x77, 0xff,
0xf1, 0x7f, 0x98, 0x27, 0x57, 0x40, 0xcc, 0x73, 0x0a, 0x03, 0x00, 0x53, 0x35, 0xd3, 0x69, 0xd2,
0xa8, 0x4e, 0x03, 0x3e, 0x29, 0x4d, 0x61, 0x5e, 0x28, 0x5c, 0x71, 0xd9, 0xc9, 0x73, 0x64, 0x60,
0x95, 0xb2, 0x20, 0x56, 0x65, 0x36, 0x80, 0x48, 0xc2, 0xcd, 0x91, 0x5e, 0xeb, 0x37, 0x31, 0x68,
0x30, 0x02, 0xec, 0xb2, 0x4e, 0x3e, 0x94, 0xac, 0x50, 0x59, 0x5e, 0x92, 0x23, 0x29, 0xf5, 0x57,
0xaf, 0x7f, 0x56, 0x32, 0x03, 0x00, 0x84, 0xbb, 0xee, 0x64, 0x6e, 0xf7, 0x95, 0x62, 0x02, 0x9e,
0x59, 0x4d, 0x61, 0x5e, 0xe8, 0x5d, 0x70, 0x49, 0xc9, 0x7b, 0x64, 0x60, 0x1d, 0x65, 0x21, 0x73,
0xfe, 0x2a, 0x83, 0x00, 0x8c, 0x84, 0x98, 0x3a, 0xb6, 0x66, 0x9d, 0x11, 0x53, 0x2a, 0xda, 0x77,
0xf3, 0x34, 0xe5, 0xb6, 0xad, 0x2d, 0xfd, 0x76, 0x91, 0x30, 0x67, 0x79, 0xb7, 0xac, 0xaa, 0x94,
0x78, 0x0a, 0xb0, 0x13, 0x04, 0xd5, 0xdc, 0x7b, 0x00, 0x9e, 0x59, 0x35, 0xf9, 0x8c, 0x30, 0xa6,
0xe3, 0x32, 0x92, 0xf7, 0xc8, 0xc0, 0x7a, 0xc2, 0x82, 0xf0, 0x35, 0x00, 0x30, 0x8c, 0x16, 0x68,
0xfb, 0xd1, 0xfe, 0x11, 0x91, 0x2e, 0x51, 0x7e, 0x52, 0x43, 0x90, 0xa8, 0x32, 0x51, 0x96, 0x7c,
0x3d, 0x19, 0xf7, 0x25, 0x73, 0x93, 0xf3, 0xdb, 0x04, 0xa0, 0x1b, 0xa6, 0x64, 0x0e, 0x00, 0x3e,
0x59, 0x4d, 0x83, 0x83, 0x42, 0x04, 0x43, 0xe9, 0x93, 0x39, 0x72, 0xc2, 0x8d, 0x8e, 0xb0, 0x20,
0xdd, 0x57, 0x32, 0x93, 0x82, 0xcc, 0x48, 0x0c, 0x6a, 0x56, 0xed, 0x1b, 0x35, 0xdd, 0x4e, 0x87,
0x2f, 0x4d, 0x14, 0xdc, 0xa0, 0x99, 0x98, 0xdb, 0x71, 0x14, 0x2c, 0x63, 0x0d, 0xc9, 0x35, 0x3c,
0x0c, 0x6f, 0x63, 0x00, 0x00, 0xbc, 0x03, 0x47, 0x00, 0x5e, 0x79, 0xa5, 0x83, 0xa1, 0x90, 0x48,
0x20, 0x79, 0x8f, 0x4c, 0x46, 0x23, 0x6c, 0x42, 0x5d, 0x49, 0x03, 0x12, 0xc6, 0xda, 0x12, 0xfd,
0x3d, 0xf5, 0x1e, 0xca, 0x6a, 0x04, 0xcc, 0x2f, 0xc7, 0xba, 0x20, 0x09, 0x4d, 0xd1, 0x47, 0xa6,
0x88, 0x05, 0xd1, 0x38, 0xff, 0xbf, 0xf9, 0xbc, 0x80, 0x02, 0x20, 0x08, 0x00, 0x9e, 0x79, 0x65,
0xf9, 0x50, 0x48, 0x04, 0x88, 0xc9, 0x63, 0xa4, 0x62, 0x94, 0x29, 0x5b, 0x66, 0x5f, 0x95, 0x09,
0x20, 0x33, 0x82, 0xe9, 0xad, 0x4c, 0xa8, 0x53, 0x6a, 0xb6, 0x2b, 0x85, 0x4e, 0x1e, 0x69, 0x30,
0x8c, 0x99, 0xd2, 0x2d, 0x48, 0x9c, 0xdc, 0x5f, 0x01, 0xd8, 0xa9, 0x84, 0xcf, 0x59, 0x07, 0x2c,
0x00, 0x00, 0x10, 0x99, 0x00, 0xbe, 0x89, 0x95, 0xb9, 0x8c, 0x10, 0x77, 0x90, 0x92, 0xc7, 0xc8,
0x45, 0x01, 0xa3, 0x23, 0x6c, 0xa2, 0xeb, 0x33, 0x20, 0x20, 0x61, 0x08, 0xf3, 0x3f, 0x62, 0xde,
0x43, 0x21, 0x4a, 0x2c, 0xf9, 0xbd, 0x11, 0x78, 0x0a, 0x63, 0x54, 0x15, 0xfa, 0x4b, 0x62, 0xda,
0x7c, 0x62, 0x52, 0xfe, 0x91, 0x5a, 0xb0, 0xae, 0x00, 0x80, 0x8f, 0xf8, 0x13, 0x00, 0x1e, 0x89,
0xa5, 0x1b, 0x64, 0x85, 0x94, 0x81, 0x94, 0x7c, 0x1a, 0x49, 0xb1, 0x9e, 0xb2, 0x88, 0x48, 0x75,
0xd5, 0x00, 0x50, 0x0c, 0x8b, 0x6e, 0xd5, 0xdc, 0x16, 0xbc, 0xda, 0x74, 0x44, 0x0f, 0xab, 0x56,
0x1e, 0x96, 0x51, 0x9d, 0x56, 0xaf, 0x2d, 0x93, 0x8e, 0x01, 0x9b, 0x7d, 0x36, 0xa7, 0xb9, 0x1a,
0x0a, 0x00, 0x84, 0x47, 0x00, 0x00, 0x1e, 0x89, 0x45, 0xc3, 0x02, 0x21, 0x91, 0x60, 0x24, 0xef,
0x91, 0x81, 0xd1, 0x08, 0x9b, 0x42, 0x57, 0xab, 0x1b, 0x60, 0x28, 0xe6, 0xd8, 0xe7, 0x79, 0x9c,
0xf7, 0x09, 0x79, 0x4e, 0x29, 0x48, 0x9f, 0xaf, 0x91, 0x18, 0xa4, 0xf9, 0xf4, 0x79, 0x7f, 0x9b,
0x34, 0x9b, 0x67, 0xa3, 0x9f, 0xfa, 0x56, 0x01, 0x48, 0x0a, 0x7e, 0x79, 0xd5, 0xc3, 0xb2, 0x42,
0xba, 0x81, 0x98, 0x7c, 0x1a, 0x49, 0xb1, 0x9e, 0xb2, 0xc9, 0xd8, 0x4a, 0x00, 0x12, 0x86, 0xeb,
0x4d, 0xad, 0x8d, 0xa7, 0xb6, 0x32, 0x5d, 0x83, 0x6a, 0x9e, 0xbb, 0x77, 0x21, 0x4a, 0x07, 0x4f,
0xa1, 0xf4, 0x03, 0x19, 0x44, 0x91, 0xa9, 0x15, 0x27, 0x2e, 0x1f, 0x66, 0x00, 0x8b, 0x8b, 0x07,
0x00, 0xbe, 0x89, 0x15, 0x83, 0x19, 0x21, 0x95, 0xa0, 0x24, 0xcf, 0x0d, 0x27, 0x60, 0xb4, 0x83,
0x39, 0xd1, 0x4f, 0x25, 0x00, 0x22, 0xc6, 0x37, 0xd3, 0x67, 0x13, 0x96, 0x53, 0xe4, 0x56, 0x37,
0x70, 0xee, 0x31, 0x95, 0x04, 0xf3, 0xb6, 0xeb, 0x8d, 0x24, 0x05, 0xdd, 0x7f, 0x59, 0xc6, 0xed,
0x67, 0x22, 0x00, 0x00, 0x10, 0x77, 0x01, 0x00, 0xde, 0x89, 0xa5, 0xb9, 0x40, 0x48, 0x24, 0x98,
0xc9, 0x73, 0x64, 0x60, 0x74, 0x94, 0x05, 0xe9, 0x2b, 0x33, 0x17, 0x90, 0x50, 0x8c, 0xb6, 0x6e,
0x9f, 0xc3, 0x38, 0xf8, 0x54, 0x23, 0x31, 0xbf, 0x78, 0x18, 0xc3, 0x1c, 0xc3, 0x5c, 0x73, 0xb1,
0x26, 0x00, 0xab, 0xff, 0x3e, 0xf9, 0x73, 0x3a, 0x02, 0x00, 0x06, 0x00, 0x9e, 0x99, 0x15, 0x03,
0x19, 0x61, 0x95, 0x61, 0xb5, 0x93, 0xf7, 0x08, 0xa3, 0x51, 0x16, 0xcc, 0xfb, 0xef, 0x60, 0x61,
0x49, 0x28, 0x8c, 0x2c, 0x3d, 0xda, 0x64, 0xcc, 0x2e, 0x52, 0x53, 0xa4, 0x1d, 0xf3, 0xee, 0xdf,
0x16, 0xa5, 0x16, 0xa9, 0xab, 0x76, 0xa6, 0xa7, 0x58, 0x3f, 0x96, 0x74, 0x61, 0xe9, 0x32, 0x00,
0x30, 0x69, 0x1e, 0x8a, 0x8d, 0x43, 0x39, 0x61, 0x74, 0x05, 0x23, 0xf9, 0xb4, 0x81, 0x75, 0x84,
0x05, 0xbd, 0x5f, 0x05, 0x00, 0x86, 0xd1, 0x34, 0x25, 0x2e, 0xdf, 0x2c, 0x2b, 0x5a, 0xa7, 0x17,
0x25, 0xa5, 0xea, 0x32, 0xc5, 0x1c, 0x59, 0xdf, 0xb5, 0xc5, 0xa5, 0xbb, 0x71, 0xce, 0x8f, 0x5a,
0xd2, 0xe3, 0x0b, 0x60, 0x0b, 0x6c, 0x03, 0x00, 0xfe, 0x89, 0x65, 0xb9, 0x40, 0xd8, 0xa2, 0xb0,
0x9a, 0xc9, 0x63, 0xa4, 0x35, 0x18, 0x65, 0xc2, 0x82, 0x67, 0x77, 0xaa, 0x06, 0x92, 0xcc, 0x68,
0xee, 0xdf, 0x71, 0xaf, 0x9b, 0xa8, 0xaf, 0x86, 0x01, 0x3f, 0xf2, 0x48, 0x98, 0xb8, 0xda, 0xe8,
0xc7, 0x7e, 0x4e, 0x90, 0x91, 0x85, 0xb2, 0xbe, 0x32, 0xda, 0x55, 0x07, 0x00, 0x00, 0xf8, 0xac,
0x01, 0x00, 0xde, 0x99, 0x8d, 0xc3, 0x07, 0x84, 0xba, 0x04, 0xc4, 0xe4, 0x31, 0xd2, 0x2e, 0xb3,
0x9e, 0xb0, 0xb1, 0x37, 0x0f, 0x01, 0x48, 0x18, 0xb1, 0xd6, 0xf9, 0xfe, 0xeb, 0xa9, 0xa9, 0x6a,
0x0b, 0x6e, 0x0e, 0xf9, 0xbc, 0x09, 0x31, 0x64, 0xe9, 0x4b, 0x27, 0xb5, 0x17, 0xdb, 0x26, 0x35,
0x6d, 0x4f, 0xac, 0x29, 0xf5, 0x18, 0x02, 0x70, 0xcd, 0x9c, 0x00, 0x1e, 0x5a, 0x8d, 0xf9, 0x8c,
0x30, 0x66, 0x80, 0x9d, 0x3c, 0x47, 0x32, 0x83, 0x51, 0x09, 0x0b, 0xec, 0xb8, 0x01, 0x2c, 0x09,
0x83, 0xb8, 0xe7, 0xcb, 0xc9, 0x1c, 0x55, 0xd4, 0x0c, 0x9e, 0xa3, 0xdd, 0x15, 0xa6, 0x6b, 0xce,
0xac, 0x07, 0x8a, 0x88, 0xf3, 0x9c, 0xf0, 0x36, 0xce, 0xa6, 0xac, 0x16, 0x10, 0x80, 0x1e, 0x46,
0xe3, 0xbe, 0x06, 0x00, 0x3e, 0x29, 0xd5, 0x83, 0x19, 0x21, 0x91, 0x50, 0x25, 0xf7, 0x86, 0xd4,
0x46, 0x3d, 0x58, 0xb0, 0xdb, 0xc5, 0xd5, 0x00, 0x09, 0xc3, 0x98, 0x78, 0xfb, 0x77, 0x67, 0x4d,
0xbc, 0xcd, 0xce, 0x4e, 0xe1, 0x2f, 0x44, 0xc8, 0x55, 0x22, 0xf7, 0xdc, 0x31, 0xae, 0x91, 0x93,
0x99, 0xe8, 0xe7, 0x47, 0xe5, 0x0d, 0x00, 0x6c, 0x45, 0x19, 0x8a, 0xe0, 0x00, 0x00, 0x9e, 0x49,
0x15, 0x83, 0x81, 0x90, 0x68, 0x70, 0x27, 0xcf, 0x0d, 0x8c, 0x76, 0xb0, 0x89, 0xed, 0xd3, 0xa3,
0x05, 0x82, 0x84, 0x21, 0xd8, 0xd8, 0x65, 0x6d, 0x6e, 0xd1, 0x04, 0xa9, 0x29, 0xad, 0xdf, 0x66,
0x74, 0x81, 0x5d, 0xe9, 0x73, 0x69, 0x26, 0xf5, 0xb4, 0x28, 0xde, 0x6d, 0x32, 0x5a, 0x30, 0xff,
0x9a, 0x07, 0x00, 0x3b, 0x5c, 0xaf, 0x34, 0x00, 0xfe, 0x79, 0x15, 0x03, 0x81, 0x90, 0x2a, 0x70,
0x27, 0xf7, 0x08, 0xa3, 0x4c, 0x38, 0xf6, 0x98, 0x0c, 0xd0, 0x20, 0x3b, 0x00, 0x90, 0x10, 0x40,
0xf4, 0x58, 0xdb, 0x99, 0x77, 0x28, 0xea, 0x36, 0x40, 0x92, 0x6c, 0x6d, 0xc4, 0x01, 0x6f, 0x5d,
0xc4, 0x09, 0x71, 0xe2, 0x6b, 0x0e, 0x16, 0x7f, 0xf8, 0xf1, 0x5a, 0xaf, 0x71, 0x40, 0xdd, 0x04,
0x00, 0xde, 0x79, 0xc5, 0x43, 0x96, 0x90, 0x56, 0xe0, 0x4e, 0xde, 0x23, 0x6d, 0x93, 0x51, 0xa6,
0x9c, 0xdd, 0x9d, 0x48, 0x00, 0x58, 0x09, 0x40, 0xa6, 0x28, 0xc3, 0x92, 0xda, 0x51, 0x62, 0x61,
0x77, 0xa7, 0x21, 0x5d, 0x8c, 0x71, 0x24, 0x68, 0x89, 0xde, 0x4a, 0x5a, 0x0b, 0xe4, 0x4b, 0x93,
0xa4, 0xf3, 0xb0, 0x57, 0x64, 0x00, 0x00, 0xfc, 0x76, 0xde, 0x79, 0x15, 0xc3, 0x02, 0x21, 0x15,
0x60, 0x26, 0xfb, 0x86, 0x13, 0x64, 0xf4, 0x24, 0x6c, 0x5a, 0x4f, 0x8f, 0x05, 0x49, 0xa7, 0x88,
0x5a, 0x6e, 0x8f, 0xbb, 0x9b, 0xe2, 0x6e, 0xe8, 0x93, 0x73, 0x7a, 0x3b, 0xda, 0x06, 0x18, 0x20,
0xc0, 0x5b, 0x9c, 0x87, 0x4c, 0xba, 0x06, 0x2f, 0x9e, 0xe9, 0xb2, 0xfc, 0xa7, 0x33, 0xc4, 0x00,
0x00, 0x74, 0x1e, 0xaa, 0xd5, 0xb9, 0x8c, 0x30, 0xdc, 0x71, 0x75, 0x3b, 0xd9, 0x47, 0xda, 0x06,
0xa3, 0x4c, 0xd8, 0x64, 0xdf, 0x1c, 0x80, 0x24, 0x13, 0x40, 0x74, 0x54, 0x62, 0x6d, 0xeb, 0x10,
0x83, 0xe9, 0x65, 0xc2, 0x53, 0xf1, 0x30, 0xca, 0x60, 0x33, 0x81, 0x08, 0x9d, 0xd4, 0x28, 0x26,
0xed, 0xb3, 0xd3, 0x4d, 0x8d, 0x2e, 0x00, 0x00, 0x02, 0x00, 0x5e, 0x99, 0x05, 0xc3, 0x03, 0x21,
0x04, 0xd8, 0xc9, 0x73, 0xa4, 0xad, 0x64, 0x74, 0x94, 0xcf, 0xe2, 0xca, 0x6a, 0x0a, 0x48, 0xb0,
0x00, 0x20, 0x02, 0x66, 0xf0, 0x27, 0xc9, 0x23, 0x15, 0xea, 0x1a, 0x9f, 0x91, 0x44, 0xa4, 0x83,
0xa0, 0x6c, 0x3c, 0x56, 0x3f, 0xf0, 0xbb, 0x30, 0xe6, 0x1f, 0x65, 0x4a, 0xad, 0x4d, 0xd3, 0x49,
0x00, 0x00, 0xfe, 0xa9, 0x95, 0x03, 0x19, 0x21, 0xc2, 0xa1, 0x9b, 0xc9, 0x7b, 0x34, 0xa7, 0x36,
0x2a, 0x61, 0xd3, 0xbd, 0xb7, 0xba, 0x61, 0x91, 0x50, 0x18, 0xe9, 0xe1, 0xa6, 0xfa, 0xac, 0x54,
0xcd, 0x29, 0x5e, 0xb8, 0x1d, 0x6a, 0x74, 0x06, 0xe5, 0xa1, 0x6a, 0x31, 0xe1, 0x73, 0xc8, 0x22,
0x57, 0xd5, 0xc8, 0x64, 0xf2, 0xb7, 0x92, 0x02, 0xa0, 0x5b, 0x9e, 0x89, 0xc5, 0x43, 0x81, 0x10,
0x2d, 0x70, 0x27, 0xf7, 0x48, 0x1b, 0x30, 0xca, 0x94, 0x1d, 0xb4, 0x57, 0x24, 0x04, 0x96, 0x22,
0xff, 0x37, 0x39, 0x0a, 0x37, 0x5a, 0x61, 0xa4, 0x0e, 0xb9, 0x9f, 0x96, 0x47, 0x63, 0xe4, 0x9d,
0x3a, 0xb6, 0xa7, 0x5a, 0x93, 0xab, 0xab, 0x6a, 0xe7, 0x3a, 0x0d, 0x03, 0x00, 0x00, 0xdf, 0x00,
0x9e, 0x58, 0xa5, 0x1b, 0x9f, 0x13, 0xd2, 0x0c, 0x48, 0xce, 0xc8, 0xb8, 0xd1, 0x28, 0x0b, 0x5c,
0x65, 0x55, 0x12, 0x20, 0x62, 0x98, 0x4f, 0xce, 0xd5, 0x2e, 0x3e, 0x12, 0x4a, 0xfe, 0xf2, 0xcb,
0x3b, 0xe3, 0x88, 0x00, 0x04, 0xa1, 0x2b, 0x53, 0xc2, 0xdf, 0x23, 0x89, 0xab, 0x97, 0xdb, 0x57,
0x15, 0x00, 0x00, 0xb8, 0x78, 0xf5, 0xb5, 0x0e, 0x00, 0x5e, 0x59, 0x95, 0x1b, 0x97, 0x11, 0x52,
0x0e, 0x24, 0x35, 0x32, 0x66, 0xf4, 0x46, 0xd9, 0x74, 0x6f, 0x4d, 0x02, 0xc4, 0x0c, 0x6b, 0x5b,
0x9b, 0xc6, 0x83, 0xa9, 0x2a, 0x99, 0xee, 0x9a, 0x6b, 0x4d, 0xcc, 0x50, 0x08, 0xf0, 0x45, 0xac,
0xb8, 0x9c, 0x2f, 0xf6, 0x36, 0xb9, 0x97, 0x48, 0xa7, 0x86, 0x0b, 0x00, 0x00, 0xdc, 0xf0, 0x00,
0xbe, 0x89, 0x15, 0xc3, 0x33, 0x42, 0x44, 0x82, 0x93, 0xac, 0x0d, 0xd7, 0x22, 0x64, 0x94, 0x0f,
0x36, 0xd9, 0xb9, 0x94, 0x80, 0xcc, 0xb0, 0xf2, 0x0d, 0x73, 0x9e, 0xd7, 0x28, 0xc8, 0x73, 0x59,
0x39, 0x19, 0x23, 0x58, 0xa2, 0x24, 0x9a, 0x29, 0xe5, 0x36, 0x79, 0x3b, 0x12, 0x70, 0xd5, 0x4e,
0x6e, 0x8f, 0x6e, 0xda, 0x0d, 0x00, 0x00, 0xba, 0xf9, 0x00, 0x7e, 0x9a, 0xd5, 0xd9, 0x40, 0x18,
0x91, 0xd0, 0xdf, 0xc9, 0x63, 0x84, 0xd1, 0x93, 0xb2, 0xd1, 0xc7, 0xb0, 0x25, 0xa0, 0x28, 0xb4,
0x8f, 0x3e, 0xdd, 0xb8, 0x61, 0xba, 0x44, 0x08, 0x87, 0x93, 0x78, 0x4c, 0xd9, 0x20, 0x6a, 0xe7,
0x1f, 0x8d, 0x2a, 0x95, 0x03, 0xeb, 0x84, 0xd4, 0x5f, 0x1d, 0x70, 0x2a, 0x14, 0x05, 0x00, 0x20,
0x00, 0x7e, 0x89, 0x45, 0x1b, 0x5a, 0x42, 0xbc, 0x20, 0xde, 0xc9, 0x3e, 0x92, 0xd6, 0xe8, 0x8d,
0x72, 0xdd, 0x5d, 0xce, 0x16, 0x00, 0x72, 0x01, 0x10, 0x53, 0xe4, 0x33, 0x5c, 0x49, 0xa8, 0x48,
0x14, 0x5a, 0x95, 0x3b, 0xf6, 0x5c, 0x4a, 0x02, 0x5a, 0x5d, 0x4a, 0x7c, 0xfa, 0xc3, 0x24, 0x50,
0x4f, 0xd6, 0x9a, 0x80, 0x3c, 0x15, 0x0a, 0x00, 0x00, 0x6b, 0x02, 0x9e, 0x89, 0xc5, 0x1b, 0x06,
0x42, 0x34, 0xc1, 0x4c, 0xce, 0x48, 0xd9, 0xe8, 0x8d, 0xb2, 0xc9, 0x2e, 0xcb, 0x5d, 0x80, 0x22,
0x80, 0xb7, 0xf5, 0x6b, 0xee, 0xa7, 0x4b, 0x47, 0xb5, 0x0a, 0xf2, 0x8a, 0x79, 0xec, 0x23, 0x18,
0x34, 0xe9, 0xfb, 0x0e, 0x5a, 0x25, 0x67, 0x0d, 0xd3, 0xa6, 0xbe, 0xe9, 0x55, 0x54, 0x01, 0x00,
0xe8, 0x0b, 0x00, 0x9e, 0xa9, 0xe5, 0x36, 0x50, 0x85, 0xc4, 0x04, 0x77, 0x72, 0x8f, 0xcc, 0x46,
0x6f, 0x84, 0xcd, 0x3a, 0x6a, 0x0b, 0x30, 0x28, 0x70, 0xc2, 0x71, 0xcd, 0x19, 0x54, 0x1c, 0xf1,
0x12, 0xeb, 0x1c, 0xdd, 0x48, 0x64, 0x26, 0x47, 0x49, 0xc4, 0x83, 0x87, 0xec, 0x89, 0xbc, 0x74,
0x9c, 0xc3, 0xf1, 0xfd, 0x65, 0x30, 0x00, 0x00, 0x28, 0x5e, 0x99, 0x25, 0x37, 0xce, 0x12, 0xa2,
0x05, 0xee, 0xe4, 0x63, 0x84, 0xd1, 0x51, 0x16, 0xb4, 0x72, 0x6d, 0x68, 0x50, 0x80, 0xd6, 0x17,
0xa7, 0xc4, 0xc4, 0x93, 0x8b, 0x16, 0xa2, 0xe0, 0xb0, 0x2a, 0xc5, 0x36, 0xdc, 0x20, 0xb9, 0x6a,
0x6d, 0x4b, 0xfc, 0xec, 0x44, 0x70, 0x75, 0xb2, 0xde, 0x3b, 0xc6, 0x00, 0x00, 0xbe, 0x89, 0x65,
0x1b, 0x84, 0x42, 0x44, 0x80, 0x93, 0x3c, 0x47, 0x18, 0x65, 0xca, 0xc6, 0x96, 0x63, 0x05, 0x20,
0xa1, 0x10, 0xbb, 0x97, 0x7e, 0x7a, 0x13, 0xdd, 0xa2, 0x42, 0xe8, 0x2c, 0x62, 0x4c, 0x52, 0xd3,
0x1a, 0x94, 0xba, 0x57, 0x80, 0x32, 0x69, 0x3d, 0x6e, 0xfb, 0xac, 0xf8, 0x70, 0x90, 0x1a, 0x00,
0x62, 0x01, 0x9e, 0x8a, 0x95, 0x03, 0x96, 0xd0, 0xb5, 0xf1, 0x30, 0x93, 0xc7, 0x86, 0x23, 0x66,
0xf4, 0x24, 0x6c, 0x76, 0x33, 0x00, 0xc8, 0x04, 0x40, 0xe3, 0x9d, 0x7f, 0xc5, 0x21, 0x2a, 0xe2,
0x2e, 0x99, 0x44, 0x4e, 0xba, 0x3c, 0x63, 0xcf, 0x78, 0xed, 0x18, 0xab, 0x07, 0xfe, 0x24, 0x44,
0xa6, 0xec, 0x1b, 0x87, 0x0c, 0x4a, 0x02, 0x00, 0x09, 0x00, 0xbe, 0xaa, 0x95, 0x83, 0x96, 0x10,
0x0a, 0xcc, 0xe4, 0x39, 0x72, 0x75, 0x05, 0xa3, 0x4c, 0x59, 0x60, 0x0d, 0x99, 0x0d, 0x14, 0x01,
0x42, 0x7b, 0x7d, 0x6d, 0x22, 0x94, 0x8b, 0x22, 0x3d, 0xf9, 0xd3, 0xab, 0x53, 0xc8, 0x5d, 0xe6,
0x10, 0xbc, 0xfb, 0x87, 0xec, 0x34, 0x14, 0x0b, 0xac, 0xfd, 0x99, 0x98, 0x6d, 0x00, 0xd0, 0x00,
0xbe, 0xb9, 0x15, 0x1b, 0xc9, 0x0a, 0x29, 0x07, 0x92, 0xe7, 0xc8, 0xb0, 0xd1, 0x08, 0xdb, 0x68,
0x15, 0x4b, 0x0b, 0x90, 0x81, 0xfa, 0x5a, 0x33, 0x46, 0xd3, 0x2f, 0xcd, 0x08, 0x1c, 0x54, 0xca,
0x27, 0x1f, 0x26, 0x85, 0x81, 0xe2, 0x22, 0x6f, 0xc9, 0xb0, 0xee, 0x6d, 0x34, 0x8d, 0x2b, 0x48,
0x9a, 0x8a, 0x01, 0x00, 0x5e, 0xca, 0x15, 0xc3, 0x43, 0x21, 0xa2, 0xc0, 0x49, 0x7c, 0xc3, 0x6c,
0x7c, 0xb0, 0x40, 0xcf, 0x5d, 0xb3, 0x20, 0xb2, 0x22, 0xf1, 0xbd, 0x2c, 0xf2, 0xef, 0x27, 0xa8,
0x22, 0x36, 0xec, 0x4d, 0x6f, 0x51, 0xa6, 0x03, 0x97, 0xd9, 0x24, 0x79, 0x17, 0x87, 0x48, 0x67,
0xf3, 0x76, 0x75, 0x92, 0x59, 0x40, 0x29, 0xda, 0xff, 0x5f, 0x39, 0x2a, 0x68, 0xff, 0x95, 0xc3,
0x28, 0xfe, 0x6d, 0x00, 0xde, 0x8a, 0x75, 0x39, 0x4b, 0xe8, 0xad, 0xf1, 0xb0, 0x93, 0x1a, 0x59,
0x8c, 0x29, 0x0b, 0x74, 0x2e, 0x00, 0xa5, 0x90, 0xd3, 0x79, 0x87, 0x6b, 0x9c, 0x9b, 0x86, 0x34,
0x7d, 0x6a, 0x8c, 0xf9, 0xc6, 0x34, 0xd8, 0xb9, 0x4d, 0x40, 0xc6, 0x3b, 0x6f, 0xb4, 0xcc, 0x79,
0x5c, 0xd1, 0x37, 0x88, 0xc2, 0x06, 0xcc, 0x47, 0xef, 0x37, 0x6b, 0x9a, 0xe7, 0x2d, 0x82, 0x68,
0xb6, 0x05, 0x3e, 0x8a, 0x35, 0xc3, 0x43, 0xa1, 0x56, 0x60, 0x25, 0x59, 0x1b, 0x86, 0x8d, 0x9e,
0x84, 0x45, 0x34, 0x95, 0x75, 0x03, 0xb0, 0x14, 0xff, 0x79, 0xd5, 0xd8, 0x93, 0xb0, 0xa5, 0xc7,
0xc2, 0xbe, 0x3d, 0x18, 0xda, 0x91, 0x64, 0x16, 0x6c, 0x99, 0xea, 0x4e, 0x42, 0x14, 0xe4, 0x2c,
0x6d, 0x7e, 0x0d, 0x00, 0x00, 0xe8, 0x9e, 0xaa, 0x75, 0x43, 0xa1, 0xb0, 0x7a, 0x60, 0x25, 0x79,
0x8c, 0x0c, 0x19, 0x65, 0xca, 0x02, 0xcf, 0x48, 0x2c, 0x60, 0x01, 0x19, 0xcc, 0xf4, 0x45, 0xda,
0x14, 0x6d, 0x94, 0xbf, 0x3e, 0x4a, 0xd0, 0x62, 0x60, 0x99, 0xa0, 0x66, 0x89, 0xea, 0xda, 0x6f,
0x37, 0xce, 0x14, 0x01, 0x00, 0x00, 0x9e, 0x79, 0xa5, 0x1b, 0x0d, 0x84, 0x78, 0x80, 0x77, 0x72,
0x46, 0x86, 0x8d, 0xde, 0x28, 0x0b, 0xed, 0xe9, 0x9a, 0x6c, 0x40, 0xc4, 0xf0, 0x27, 0x72, 0xe9,
0x3e, 0x9e, 0x5a, 0x28, 0xa4, 0x90, 0x6e, 0xdf, 0x7a, 0xee, 0x6f, 0xb7, 0xbc, 0xbe, 0xf6, 0xf6,
0x89, 0x35, 0xf5, 0x79, 0xd0, 0x83, 0x09, 0x6e, 0x02, 0x00, 0x80, 0xdd, 0x2a, 0x00, 0x7e, 0x8a,
0x35, 0x43, 0x81, 0x10, 0x91, 0x60, 0x27, 0x67, 0xa4, 0x0d, 0x32, 0x7a, 0x52, 0x16, 0xd8, 0x7a,
0xc9, 0x04, 0x44, 0x14, 0xa1, 0x49, 0xb8, 0xf9, 0x12, 0x86, 0xa8, 0x57, 0x23, 0xd6, 0x70, 0x0f,
0xba, 0x96, 0x38, 0x83, 0xeb, 0xad, 0xfa, 0x02, 0x7d, 0x81, 0xd2, 0x81, 0xd7, 0x5d, 0x89, 0x76,
0xa5, 0x01, 0x00, 0x40, 0x01, 0xfe, 0x89, 0x15, 0xc3, 0x02, 0x21, 0x26, 0xc0, 0x5f, 0xf2, 0x1e,
0x61, 0x34, 0xca, 0x96, 0x54, 0xd4, 0xbb, 0x02, 0x28, 0x46, 0x49, 0x6f, 0xfd, 0x58, 0x8e, 0x1c,
0x15, 0xe1, 0xba, 0x4c, 0xfc, 0xc1, 0x9a, 0xa2, 0x61, 0xd5, 0x14, 0x2a, 0xae, 0x5a, 0x02, 0xba,
0x22, 0x46, 0x4f, 0x50, 0xfb, 0x01, 0x11, 0x13, 0x00, 0x40, 0xaf, 0x79, 0x00, 0x1e, 0x9a, 0xc5,
0x1b, 0x5a, 0x42, 0xaa, 0xc1, 0x4e, 0xee, 0x91, 0x53, 0xc1, 0xe8, 0x49, 0xb9, 0xd0, 0xc5, 0x5a,
0x09, 0x40, 0x02, 0x20, 0x33, 0xce, 0x2c, 0xe5, 0x9a, 0x1c, 0xc9, 0x70, 0xf0, 0xa2, 0xd0, 0xa7,
0xae, 0x46, 0x51, 0x82, 0x4a, 0x7a, 0xbe, 0x16, 0xcf, 0xb4, 0x81, 0x81, 0x83, 0x46, 0x64, 0x33,
0xb6, 0x6c, 0x44, 0x01, 0x00, 0x80, 0x57, 0x03, 0x00, 0x7e, 0xca, 0x15, 0x83, 0x81, 0xb0, 0x89,
0xc4, 0x45, 0x72, 0x46, 0xc6, 0x8c, 0x8e, 0xb0, 0xe9, 0x6b, 0x7a, 0xb7, 0x08, 0x40, 0x50, 0x62,
0xe2, 0x32, 0xb5, 0xd0, 0x18, 0xd1, 0x2a, 0xad, 0x39, 0x1b, 0xbf, 0xad, 0x0a, 0xc4, 0xe0, 0x19,
0x52, 0x1f, 0x30, 0xaf, 0xa5, 0x5a, 0x6a, 0xb7, 0x3f, 0xcb, 0x00, 0x00, 0xc0, 0xc8, 0x28, 0xf1,
0xdd, 0x35, 0x01, 0x3e, 0xaa, 0x65, 0xf9, 0x40, 0x88, 0x4d, 0xf0, 0x4e, 0xd6, 0xc8, 0xc8, 0xe8,
0x8d, 0x72, 0xe9, 0x9a, 0x43, 0x44, 0x02, 0xb0, 0x00, 0x30, 0x0c, 0x0d, 0x98, 0xe4, 0xdb, 0x36,
0x05, 0x22, 0x00, 0xe3, 0x89, 0x50, 0xa0, 0x1e, 0xa3, 0xd6, 0x38, 0x2f, 0xb9, 0x08, 0xa1, 0x5e,
0x77, 0xf2, 0x5f, 0x57, 0xc8, 0x07, 0x00, 0xec, 0xd9, 0x18, 0x1e, 0x00, 0xbe, 0x9a, 0x4d, 0x61,
0x46, 0xe8, 0x26, 0xf0, 0xf2, 0x4d, 0xde, 0x23, 0x29, 0x46, 0x23, 0x2c, 0xd8, 0x2b, 0x13, 0x01,
0x24, 0x0c, 0x0d, 0x33, 0x7e, 0x6b, 0x09, 0x69, 0x37, 0x42, 0x29, 0x14, 0x6d, 0xa6, 0x9a, 0xa4,
0xc8, 0x74, 0xad, 0x7b, 0x9d, 0x1c, 0x81, 0xe8, 0x9c, 0x5f, 0x59, 0xf8, 0x35, 0x39, 0x00, 0xe0,
0x24, 0x00, 0xfe, 0xaa, 0xf5, 0x99, 0x40, 0xe8, 0x32, 0xf1, 0xf0, 0x4c, 0xee, 0x91, 0xc9, 0xe8,
0x49, 0x59, 0xa0, 0x73, 0x46, 0x02, 0x19, 0xa0, 0xad, 0x9b, 0x7d, 0xb1, 0xc9, 0x15, 0x04, 0xdd,
0x2b, 0x37, 0x77, 0xb6, 0x22, 0x12, 0xe1, 0x78, 0x01, 0x8c, 0x82, 0xf9, 0x58, 0x83, 0x3b, 0xd9,
0xbb, 0x63, 0x02, 0x00, 0x00, 0x9e, 0xca, 0x95, 0xf9, 0x40, 0x88, 0x4c, 0xf0, 0x4e, 0xce, 0xc8,
0x90, 0xd1, 0x93, 0xb0, 0xe9, 0x2e, 0x53, 0x8a, 0x05, 0x22, 0x40, 0xf3, 0x2f, 0xcd, 0x26, 0x9f,
0xdf, 0x0d, 0x8e, 0x16, 0x58, 0x4d, 0x39, 0xd6, 0x88, 0x8a, 0x83, 0x5a, 0xb8, 0xdd, 0xe3, 0x2c,
0xfc, 0x06, 0x16, 0xc7, 0xe7, 0xa7, 0x11, 0xb8, 0x00, 0x00, 0x5e, 0xba, 0x95, 0xc3, 0x43, 0x21,
0x1a, 0x40, 0x72, 0x8f, 0x0c, 0x1b, 0x65, 0xca, 0x82, 0x55, 0xd6, 0x4d, 0x02, 0x16, 0x30, 0x26,
0xce, 0xfa, 0xa5, 0x4c, 0x68, 0x68, 0x11, 0x13, 0xe7, 0x6f, 0x8a, 0xeb, 0x93, 0x06, 0xa8, 0xe6,
0xf8, 0x24, 0x7d, 0xa7, 0xcf, 0xcd, 0x5b, 0xaf, 0x13, 0x0b, 0x00, 0x1e, 0xba, 0x45, 0x1b, 0x5a,
0x42, 0x5a, 0x03, 0xc9, 0x73, 0x64, 0xd8, 0xe8, 0x49, 0xd9, 0xc4, 0x56, 0x1e, 0x19, 0x11, 0x80,
0x98, 0x42, 0xea, 0x8f, 0x9e, 0x18, 0xab, 0x0a, 0x12, 0x26, 0x21, 0xa9, 0x07, 0x9f, 0x77, 0x12,
0x3b, 0x53, 0xd6, 0xe0, 0x61, 0x54, 0x18, 0x7d, 0x3b, 0xf9, 0x78, 0x58, 0x9b, 0x96, 0x00, 0x00,
0x40, 0x01, 0xfe, 0xb9, 0xd5, 0x1b, 0x64, 0x85, 0xa8, 0x01, 0xc9, 0x1a, 0x19, 0x33, 0xca, 0x94,
0x4d, 0x3f, 0x95, 0xfd, 0x88, 0x04, 0x44, 0x00, 0xd3, 0xa3, 0xa6, 0x33, 0xa4, 0x3a, 0x91, 0xee,
0x55, 0xd9, 0x89, 0xa9, 0x25, 0xb0, 0x26, 0xa7, 0x8a, 0xf8, 0x5c, 0x95, 0xdf, 0xcd, 0xcc, 0x52,
0xe3, 0x75, 0x3b, 0x38, 0x03, 0x00, 0x00, 0x1e, 0xbb, 0x1d, 0x73, 0x79, 0xa1, 0x0b, 0xc5, 0x83,
0xe4, 0x8c, 0x30, 0x3a, 0xc2, 0x02, 0x4f, 0x02, 0x20, 0x03, 0xc8, 0xbf, 0x2e, 0x9f, 0xc4, 0xb6,
0xe2, 0x2d, 0xd0, 0xda, 0x9b, 0x2e, 0xc7, 0x4d, 0x6d, 0xbe, 0xc7, 0x2d, 0x9c, 0xbc, 0xd6, 0xe3,
0xa4, 0xcd, 0xe9, 0xfb, 0x2b, 0x37, 0x07, 0x00, 0x00, 0x7e, 0xca, 0x65, 0x43, 0x81, 0xd0, 0x3d,
0xf1, 0x20, 0xb9, 0x47, 0x18, 0x65, 0xca, 0x66, 0x5f, 0x68, 0x00, 0x22, 0x40, 0x7a, 0x18, 0xf1,
0x68, 0xae, 0x7f, 0x09, 0x1d, 0x44, 0x2a, 0xf2, 0xb9, 0x50, 0x1f, 0x8a, 0xc6, 0x23, 0xf0, 0xb1,
0xed, 0x17, 0x6e, 0xde, 0x6e, 0xa6, 0xdf, 0x23, 0x00, 0x00, 0x1e, 0xbb, 0x8d, 0xd9, 0x40, 0xe8,
0x32, 0xf0, 0xf0, 0x4e, 0xf6, 0x91, 0x81, 0xd1, 0x93, 0xb0, 0xa0, 0x9f, 0x08, 0x00, 0xc4, 0x00,
0xfe, 0xe2, 0xd4, 0x43, 0xec, 0x72, 0x51, 0x29, 0x98, 0xca, 0x3c, 0xa5, 0xa4, 0xe4, 0xdf, 0x4a,
0xd6, 0x55, 0x9c, 0x64, 0x29, 0x62, 0x5c, 0x67, 0xe5, 0xf1, 0x2b, 0x65, 0x00, 0x00, 0xfe, 0xaa,
0x8d, 0xb9, 0x40, 0xe8, 0x04, 0x5e, 0x24, 0xfb, 0xc8, 0x98, 0xd1, 0x93, 0xb2, 0xb1, 0x91, 0x00,
0x88, 0x28, 0x44, 0xac, 0x91, 0x71, 0x36, 0x4d, 0x6f, 0x11, 0xa9, 0x6a, 0xfa, 0xfe, 0xd2, 0x83,
0x44, 0x2a, 0xa9, 0x02, 0x6d, 0x5f, 0x80, 0xea, 0xa8, 0x5b, 0x7e, 0x1f, 0xfb, 0x02, 0x00, 0x00,
0x4c, 0xbe, 0xca, 0x15, 0x03, 0xb6, 0xd0, 0x29, 0x3c, 0xdc, 0xc9, 0x3d, 0xd2, 0x1a, 0x8c, 0x9e,
0x84, 0x05, 0xab, 0x22, 0x00, 0xc8, 0x04, 0x90, 0x5e, 0xb2, 0xf8, 0xd3, 0x90, 0x74, 0xda, 0x45,
0xd8, 0x91, 0xe9, 0xce, 0xc4, 0xdb, 0x92, 0x6d, 0xdf, 0xb5, 0x8e, 0xb7, 0xa4, 0x52, 0xbd, 0x97,
0x05, 0x97, 0xcf, 0x4a, 0x19, 0x00, 0x02, 0x00, 0x5e, 0xba, 0x95, 0xc3, 0x42, 0x61, 0x78, 0xe0,
0xb2, 0x93, 0xc7, 0x86, 0x61, 0xa3, 0x23, 0x6c, 0xe2, 0xa6, 0x22, 0x09, 0x80, 0x88, 0x02, 0xba,
0x91, 0x33, 0xb1, 0xd6, 0x8a, 0xea, 0x44, 0xda, 0xd4, 0xc9, 0xbf, 0x39, 0x65, 0x70, 0x77, 0xaf,
0x61, 0xe4, 0x8b, 0xba, 0x2e, 0x52, 0x45, 0x9b, 0xa5, 0x66, 0x4e, 0x02, 0x00, 0x80, 0x07, 0xde,
0xca, 0xf5, 0xf9, 0x8c, 0xd0, 0x09, 0x3c, 0xdc, 0xc9, 0x3e, 0xc2, 0x28, 0x13, 0x16, 0xf4, 0x55,
0xd4, 0x0d, 0x40, 0x04, 0x80, 0x7b, 0x7a, 0xbe, 0xd9, 0xcc, 0xc4, 0x3b, 0x12, 0xb3, 0xe9, 0x68,
0x9f, 0xdc, 0xf2, 0xde, 0x6d, 0x4f, 0x19, 0x6a, 0x06, 0x93, 0x5d, 0x9c, 0x9f, 0x4d, 0x7d, 0x30,
0x00, 0x00, 0xfe, 0xb9, 0x15, 0x1b, 0xc9, 0x08, 0x91, 0x0e, 0xf3, 0x99, 0xbc, 0x37, 0x30, 0x1a,
0x61, 0x27, 0xef, 0x8e, 0x8e, 0xcc, 0x06, 0x22, 0x60, 0xe8, 0x1e, 0x65, 0xfe, 0xa3, 0x85, 0x0a,
0x08, 0x21, 0xf2, 0xc1, 0xde, 0x71, 0x96, 0xd5, 0x94, 0x59, 0x91, 0xe7, 0x38, 0x8b, 0x66, 0xd4,
0x6f, 0x53, 0xec, 0x6c, 0xaf, 0xad, 0xb2, 0x00, 0x00, 0xbe, 0xea, 0x95, 0xf9, 0x50, 0xe8, 0x32,
0xf1, 0x69, 0x24, 0x8f, 0x91, 0x81, 0xd1, 0x08, 0x0b, 0xe1, 0x4a, 0x20, 0xa0, 0x80, 0xb2, 0x37,
0x39, 0x97, 0xb3, 0x6c, 0xdb, 0xa9, 0x02, 0x77, 0xb3, 0x38, 0xdc, 0xd6, 0x28, 0x2d, 0xb1, 0x29,
0x52, 0x7f, 0xb5, 0x69, 0x6a, 0xfa, 0x72, 0xdf, 0x43, 0xf1, 0x2c, 0x01, 0x00, 0x7e, 0xda, 0xd5,
0xc3, 0x33, 0x42, 0x84, 0x03, 0xc9, 0x3e, 0x32, 0x64, 0x94, 0x09, 0x0b, 0x74, 0x39, 0xef, 0x4a,
0x01, 0x19, 0xd0, 0xf2, 0x48, 0x6e, 0x47, 0x4c, 0x48, 0xa9, 0xa2, 0x5a, 0xe8, 0x20, 0x27, 0xdd,
0x26, 0x02, 0x68, 0xec, 0x0e, 0xcc, 0xf1, 0x66, 0xdd, 0x60, 0x63, 0x3e, 0xe3, 0x05, 0x00, 0x00,
0x5e, 0xda, 0xc5, 0x1b, 0x04, 0xc2, 0x8a, 0xc6, 0xcb, 0x3b, 0x79, 0x6e, 0x18, 0x19, 0xdd, 0xc1,
0x26, 0x55, 0x2d, 0x01, 0x48, 0x00, 0x74, 0x0d, 0xe7, 0x1a, 0xba, 0xb4, 0xb3, 0x21, 0x85, 0xae,
0x8b, 0xa0, 0x4f, 0x89, 0x5c, 0xa9, 0x70, 0x37, 0x70, 0x75, 0x44, 0xb6, 0x33, 0xdb, 0xd1, 0xe2,
0x4a, 0x85, 0xaa, 0x28, 0x00, 0x1e, 0xda, 0xa5, 0x1b, 0x09, 0x85, 0x88, 0x00, 0x92, 0x33, 0x32,
0x6e, 0xf4, 0xa4, 0x2c, 0xd8, 0xad, 0x8c, 0x16, 0x16, 0x58, 0x09, 0x56, 0xb0, 0xdf, 0x16, 0xcf,
0x8b, 0x0a, 0xc5, 0x15, 0x4f, 0xc9, 0x9f, 0x99, 0x8c, 0x43, 0xa4, 0x24, 0x8a, 0x6a, 0xbe, 0x78,
0xa0, 0x4e, 0x3e, 0xea, 0xf5, 0x00, 0x00, 0x26, 0xb0, 0x11, 0xc5, 0x75, 0x00, 0xde, 0xda, 0xd5,
0xc3, 0x02, 0x21, 0x5a, 0x20, 0x24, 0x6b, 0x4b, 0xc9, 0xea, 0xc1, 0xc6, 0x96, 0x09, 0x80, 0x95,
0x90, 0x36, 0xee, 0x92, 0xda, 0x75, 0x0c, 0x2c, 0x94, 0x7a, 0x5d, 0xca, 0x8a, 0x94, 0x8e, 0x46,
0x47, 0xba, 0xc2, 0x39, 0x57, 0xb6, 0x64, 0x3b, 0xa2, 0xb0, 0xcd, 0x2f, 0xc4, 0x01, 0x50, 0xf4,
0xeb, 0x74, 0x44, 0x44, 0xbf, 0xce, 0x5c, 0xd6, 0x46, 0x1f, 0x00, 0xbe, 0xda, 0x45, 0xc3, 0x78,
0xa1, 0xd7, 0xc4, 0xc3, 0x5f, 0xf2, 0x69, 0x64, 0x32, 0xca, 0x94, 0x4d, 0x3f, 0x19, 0x00, 0xb8,
0x00, 0xf1, 0x56, 0x88, 0xa7, 0x6b, 0x5c, 0x2c, 0xa0, 0x79, 0xfe, 0x52, 0x30, 0x40, 0x9d, 0x76,
0x70, 0x66, 0xf6, 0xcb, 0x8d, 0x9d, 0x92, 0x43, 0xf8, 0xe0, 0xfb, 0x27, 0xf3, 0x1e, 0x00, 0xde,
0xba, 0x95, 0x43, 0x96, 0x10, 0xd9, 0xe0, 0x2f, 0x39, 0x23, 0x23, 0xa3, 0x37, 0xc2, 0x02, 0x8f,
0x25, 0x35, 0x08, 0x80, 0x16, 0xd2, 0x65, 0x1f, 0xdf, 0x36, 0x72, 0x02, 0x8e, 0x77, 0x36, 0xc2,
0x5b, 0x55, 0xd1, 0xd0, 0xd3, 0xc0, 0x4c, 0x19, 0x3a, 0x44, 0xbf, 0x9f, 0x5f, 0x5e, 0x0c, 0x27,
0x00, 0x00, 0xde, 0xaa, 0x35, 0x59, 0x5b, 0xa8, 0xb6, 0xf0, 0xf0, 0x4d, 0x1e, 0x23, 0x8c, 0x9e,
0x94, 0xcd, 0x3e, 0xb2, 0x01, 0x58, 0x02, 0x78, 0xad, 0xad, 0x92, 0xd3, 0x23, 0x3d, 0xa8, 0x6a,
0x75, 0x65, 0x45, 0x92, 0x6b, 0x93, 0x51, 0x66, 0x59, 0xfb, 0x56, 0xc8, 0x88, 0xe8, 0xeb, 0x7f,
0x7c, 0x93, 0xc7, 0x00, 0x00, 0x02, 0x00, 0x1e, 0x9a, 0x85, 0x43, 0x96, 0x50, 0xe8, 0xe2, 0x72,
0x92, 0xf7, 0xc8, 0xc8, 0x28, 0x53, 0x16, 0xb2, 0xbf, 0x04, 0x00, 0x09, 0x01, 0x3e, 0x03, 0x84,
0x33, 0xa8, 0x2e, 0xb3, 0x03, 0x0b, 0x53, 0x95, 0x7b, 0x93, 0x13, 0xc0, 0x6e, 0xea, 0x76, 0x6f,
0x4a, 0xe6, 0x36, 0x4d, 0x29, 0x1a, 0xea, 0xf9, 0x15, 0x01, 0x02, 0x00, 0xfe, 0xaa, 0x15, 0x59,
0x45, 0xe8, 0x4c, 0x3c, 0xe2, 0x5f, 0x72, 0x8f, 0xb4, 0x2b, 0xa3, 0x37, 0xc2, 0x66, 0x9f, 0x06,
0x1a, 0x32, 0x40, 0xd8, 0xeb, 0xff, 0x99, 0x59, 0x6e, 0x6f, 0x09, 0x24, 0xe5, 0xab, 0x2c, 0x6a,
0x0f, 0x2a, 0x0b, 0xe3, 0xa7, 0xb5, 0x35, 0x17, 0xcf, 0x0d, 0x20, 0x57, 0x09, 0x23, 0x06, 0x04,
0x00, 0x5e, 0x9a, 0x95, 0xc3, 0x03, 0x21, 0x24, 0xf8, 0x26, 0xfb, 0xc8, 0xc0, 0xe8, 0x8d, 0xb0,
0xc0, 0x66, 0x99, 0x2d, 0x00, 0x11, 0x45, 0x94, 0x71, 0x5a, 0xb3, 0x9e, 0x89, 0x9a, 0x29, 0x52,
0x18, 0x5d, 0xec, 0x0e, 0x99, 0x0d, 0xb3, 0x9e, 0x0d, 0x10, 0xbd, 0xaf, 0x82, 0x71, 0xdf, 0xf3,
0xa3, 0x36, 0x06, 0x00, 0x80, 0x00, 0x5e, 0xab, 0xf5, 0x19, 0x4b, 0xe8, 0xb2, 0xf1, 0xc8, 0xef,
0xe4, 0xbd, 0x61, 0x64, 0x94, 0x09, 0x0b, 0x3a, 0x0e, 0x00, 0x18, 0x80, 0x7e, 0xfe, 0x3b, 0x36,
0x42, 0xa5, 0x2a, 0xc0, 0xee, 0x0e, 0xdb, 0xe6, 0xc5, 0x7a, 0xf0, 0xae, 0x52, 0x90, 0xc8, 0xb2,
0xb2, 0x75, 0x12, 0xcc, 0x18, 0xa4, 0x04, 0x00, 0xde, 0xca, 0x95, 0x59, 0x5b, 0xe8, 0xa6, 0xf1,
0xe1, 0x27, 0x39, 0x23, 0x03, 0xa3, 0x37, 0xca, 0x66, 0xa3, 0x0c, 0x64, 0x2c, 0x64, 0x06, 0xfb,
0xee, 0x16, 0xe2, 0x0d, 0x23, 0x4f, 0x10, 0xe4, 0x66, 0x57, 0xb1, 0x8e, 0x93, 0x83, 0x72, 0x02,
0x90, 0xe2, 0x8b, 0xa9, 0x68, 0xf1, 0x5d, 0xae, 0xc9, 0x73, 0x93, 0x0a, 0x00, 0x00, 0xf8, 0xab,
0xab, 0x2b, 0x00, 0xde, 0xda, 0x35, 0x43, 0xa1, 0x10, 0x4d, 0xc8, 0x92, 0xc7, 0x68, 0x30, 0x32,
0x1a, 0x61, 0xa3, 0xc7, 0xee, 0xca, 0x04, 0x22, 0x20, 0x8e, 0x84, 0x7f, 0x4e, 0xef, 0x89, 0x11,
0x55, 0x05, 0xda, 0x7f, 0x97, 0x3d, 0x23, 0x2a, 0x2a, 0xfc, 0x1b, 0x22, 0x72, 0x13, 0xfd, 0xd0,
0xae, 0x9b, 0xd4, 0x85, 0x00, 0x00, 0xd6, 0xd9, 0x05, 0x1b, 0x09, 0x84, 0x52, 0x26, 0x1e, 0x24,
0xfb, 0x08, 0xa3, 0x27, 0x61, 0xb7, 0xeb, 0x43, 0x59, 0x02, 0x20, 0x02, 0x86, 0x4d, 0xbf, 0x6e,
0x66, 0xf5, 0x30, 0xe8, 0x2a, 0x35, 0xbc, 0xfa, 0xcd, 0xb2, 0x00, 0x06, 0x8d, 0xd9, 0x72, 0xbd,
0x5e, 0xaf, 0xa0, 0x7e, 0x1f, 0x3e, 0xfb, 0x17, 0x03, 0x00, 0x00, 0xf4, 0x7e, 0x85, 0xd7, 0xe7,
0x3f, 0x23, 0x61, 0x7a, 0x03, 0x21, 0xdf, 0x69, 0x8d, 0x5b, 0x57, 0x1e, 0x49, 0x00, 0xd4, 0x6e,
0x63, 0xd3, 0xe7, 0x3f, 0x12, 0x6e, 0x91, 0x03, 0x51, 0xae, 0xb3, 0x06, 0xd6, 0x5c, 0x91, 0x26,
0x2d, 0x00, 0xfc, 0x7e, 0x85, 0xd9, 0xf6, 0x47, 0x42, 0x00, 0x40, 0x8c, 0xbf, 0x04, 0xdc, 0x13,
0xb3, 0x84, 0x56, 0x31, 0x00, 0x34, 0x9b, 0x4b, 0xa7, 0xbb, 0x06, 0xf8, 0xfc, 0x73, 0x02, 0x6b,
0xbd, 0x94, 0xd0, 0xe2, 0x87, 0x03, 0x00, 0x04, 0x8b, 0x85, 0xdf, 0x7d, 0x10, 0x95, 0x04, 0x92,
0xc5, 0xa4, 0x44, 0x7a, 0xc7, 0x12, 0x5d, 0x82, 0xeb, 0x8f, 0x00, 0xf4, 0x7a, 0x73, 0x13, 0x42,
0x0e, 0x61, 0xda, 0x81, 0x0c, 0xd7, 0x19, 0xb0, 0x0c, 0x17, 0x3c, 0x10, 0x00, 0xf4, 0x76, 0xb5,
0xdf, 0xa7, 0x3f, 0x24, 0x6c, 0x13, 0x88, 0xf2, 0xfd, 0xf1, 0x3a, 0x4f, 0x4e, 0x9f, 0x04, 0xcc,
0x72, 0x6d, 0xd5, 0xa7, 0xdf, 0x13, 0x5a, 0xc9, 0x07, 0x88, 0x01, 0xd0, 0xff, 0x96, 0x5a, 0xc6,
0xa5, 0x02, 0x04, 0x7f, 0xa9, 0xd4, 0xed, 0x77, 0x44, 0xbd, 0x40, 0x90, 0x8b, 0x4f, 0x01, 0xcb,
0xef, 0x12, 0x02, 0x02, 0x0c, 0x9b, 0x55, 0xd5, 0x6d, 0x88, 0x1a, 0x03, 0xe9, 0xa2, 0x02, 0xf0,
0xdb, 0xa5, 0x8c, 0x87, 0xe4, 0xb3, 0x01, 0x2c, 0x8b, 0x83, 0x69, 0xf7, 0xb3, 0x00, 0x92, 0xc5,
0xc8, 0x04, 0x6f, 0x8e, 0x8a, 0xef, 0x56, 0xc4, 0x9c, 0x04, 0xda, 0xa9, 0x15, 0x1b, 0xc9, 0x08,
0xa5, 0x08, 0x7c, 0x90, 0x9c, 0x91, 0x9d, 0xd1, 0x93, 0xb2, 0x48, 0xf5, 0x4b, 0x1d, 0x00, 0x88,
0x00, 0x21, 0x1d, 0x67, 0x8f, 0x4d, 0xb9, 0xe5, 0x15, 0x45, 0xdc, 0x4e, 0xd0, 0xa2, 0xdf, 0xa6,
0xcb, 0x73, 0x90, 0x16, 0xb7, 0x98, 0x4a, 0xfb, 0x40, 0xb4, 0x56, 0x6a, 0x52, 0x0d, 0x00, 0xde,
0xca, 0x8d, 0xc3, 0x32, 0x42, 0x30, 0x30, 0x93, 0xb5, 0xe1, 0x84, 0x1b, 0x65, 0xc2, 0x82, 0xe3,
0xe9, 0x63, 0x01, 0x58, 0x0a, 0x4b, 0xf2, 0xce, 0x19, 0x66, 0x36, 0xa1, 0x54, 0x9b, 0xe3, 0x84,
0xc5, 0x3f, 0x6b, 0xb4, 0x56, 0x3e, 0xde, 0xf1, 0x53, 0xea, 0xcf, 0x8d, 0xf9, 0xca, 0x95, 0x13,
0x14, 0x71, 0x00, 0x00, 0x1a, 0x1e, 0xdb, 0xd5, 0x83, 0xb6, 0x10, 0x1a, 0xfc, 0x4b, 0xf6, 0x0d,
0x8c, 0x4a, 0x59, 0xb0, 0x8f, 0xd1, 0x0d, 0x90, 0x25, 0x9c, 0x44, 0xff, 0xc7, 0x8d, 0x55, 0x41,
0x55, 0x91, 0x37, 0x45, 0x89, 0x8a, 0xeb, 0x3a, 0x8e, 0xa2, 0x38, 0xe6, 0x96, 0x43, 0xbd, 0x13,
0x00, 0xbd, 0x53, 0xc3, 0x11, 0x00, 0x00, 0x03, 0x7c, 0x7f, 0xa9, 0xa3, 0xe2, 0x01, 0xfe, 0xda,
0x95, 0x83, 0xb6, 0x10, 0x0a, 0xbc, 0x93, 0xe7, 0xc8, 0xc0, 0xe8, 0x08, 0x0b, 0xfa, 0xc9, 0xd0,
0x34, 0x48, 0x24, 0x34, 0x6a, 0x78, 0xfe, 0x37, 0xec, 0x9d, 0x00, 0xf2, 0x24, 0xc4, 0x68, 0x52,
0x4f, 0xcc, 0x98, 0xd4, 0x52, 0x7e, 0x3c, 0x8b, 0xc7, 0xf0, 0x32, 0xa6, 0x37, 0xba, 0x9e, 0x05,
0xa0, 0xd5, 0x79, 0x7b, 0xab, 0x47, 0x23, 0x00, 0xbe, 0xfb, 0x8d, 0x99, 0x40, 0x18, 0x9e, 0x78,
0x39, 0xc9, 0x63, 0x64, 0x60, 0xf4, 0xa4, 0x6c, 0x76, 0x13, 0x2c, 0x28, 0x0a, 0xb0, 0x63, 0x8e,
0xe0, 0xcd, 0xb7, 0x0b, 0x40, 0xff, 0xf5, 0xaa, 0x53, 0x7c, 0x11, 0x5e, 0x18, 0xca, 0xe4, 0x4b,
0x2d, 0x0a, 0x20, 0xc6, 0x99, 0xdf, 0x6c, 0x06, 0xc4, 0x02, 0x00, 0x90, 0x03, 0xd6, 0xf9, 0x25,
0x37, 0x2e, 0x10, 0x1a, 0xd9, 0x78, 0xf8, 0x4b, 0xd6, 0x86, 0x31, 0xa3, 0x1d, 0x6c, 0x31, 0xb1,
0x65, 0x26, 0x1a, 0x94, 0xc4, 0xda, 0x6f, 0xc8, 0xa9, 0xc1, 0x98, 0x87, 0x88, 0x78, 0xea, 0x81,
0xaa, 0xe7, 0xba, 0xd8, 0x0f, 0x25, 0x53, 0x36, 0x68, 0x66, 0x4a, 0x30, 0xeb, 0x47, 0x8b, 0x97,
0xd4, 0xa1, 0x41, 0x00, 0xe0, 0x2a, 0x22, 0xfa, 0x75, 0x3a, 0x6a, 0xd5, 0x0e, 0x00, 0xec, 0x8a,
0x79, 0xd2, 0xa7, 0x1f, 0xc2, 0x36, 0x81, 0x18, 0x17, 0xb7, 0x04, 0xbc, 0x84, 0xa2, 0x09, 0xf4,
0x82, 0x5d, 0xda, 0xe7, 0xdf, 0x88, 0xab, 0x80, 0x20, 0xd7, 0x04, 0x5c, 0xbb, 0x30, 0x89, 0x1a,
0x00, 0xcc, 0x7e, 0x45, 0x1a, 0x02, 0xbf, 0x11, 0x9a, 0x4a, 0x20, 0xca, 0xb5, 0x08, 0x40, 0x73,
0x23, 0x6a, 0x94, 0x00, 0x94, 0x6e, 0x71, 0x1a, 0x42, 0x36, 0xa1, 0xd5, 0x06, 0x90, 0x04, 0x20,
0xbf, 0xb6, 0xb0, 0x93, 0xe4, 0x8a, 0x91, 0xd1, 0xfd, 0x52, 0x09, 0xd3, 0x00, 0xe2, 0x5c, 0x5c,
0x09, 0x1a, 0x26, 0xfe, 0xc8, 0x4b, 0x00, 0x34, 0x9f, 0xad, 0x67, 0xfc, 0x18, 0x01, 0x61, 0xf1,
0x44, 0x24, 0x98, 0xe3, 0x30, 0x56, 0x3f, 0xb4, 0x62, 0x05, 0x24, 0x83, 0x83, 0xd1, 0x71, 0x03,
0xfc, 0x7c, 0x36, 0x7b, 0x95, 0x8c, 0xd7, 0xfe, 0xf0, 0x1c, 0x02, 0x1a, 0xca, 0x85, 0xc3, 0x6d,
0xa1, 0x91, 0x13, 0x1f, 0xdd, 0x9d, 0xac, 0x0d, 0x2c, 0x5f, 0x2c, 0xa2, 0xeb, 0xac, 0x01, 0x90,
0x48, 0x9c, 0x37, 0xdb, 0x71, 0x86, 0xeb, 0x95, 0x43, 0x45, 0xa1, 0x37, 0x68, 0x79, 0x02, 0xe3,
0x5d, 0x0f, 0x3c, 0x0d, 0x2b, 0x0b, 0x30, 0x65, 0xfb, 0x74, 0xbf, 0x3f, 0xc3, 0x15, 0x02, 0xe6,
0x7d, 0x31, 0xb8, 0xb7, 0xf0, 0x7e, 0x5f, 0x7f, 0x3c, 0x03, 0x00, 0x5e, 0xda, 0x05, 0x1b, 0x5a,
0x42, 0xbc, 0xc1, 0x4f, 0xd2, 0x47, 0x06, 0x46, 0x1f, 0x09, 0x9b, 0x7c, 0x22, 0x77, 0x09, 0x90,
0x81, 0x66, 0x8a, 0x98, 0xc6, 0x10, 0xd1, 0x5e, 0xaa, 0x70, 0x95, 0x1f, 0xce, 0x15, 0x25, 0xad,
0xba, 0x18, 0x13, 0xea, 0x6b, 0x3c, 0xf6, 0x81, 0x12, 0x2d, 0xca, 0x1b, 0xd9, 0x59, 0x00, 0x00,
0xbe, 0xda, 0x05, 0x83, 0x8a, 0x30, 0x58, 0x3c, 0x7c, 0x93, 0x3e, 0x72, 0x30, 0x18, 0x7d, 0xa3,
0x6c, 0xe6, 0xaf, 0x4d, 0x00, 0x44, 0x80, 0x03, 0xd9, 0x2c, 0x4b, 0xd4, 0x53, 0x50, 0x85, 0x1e,
0xf9, 0xcd, 0x5e, 0xed, 0x19, 0xc5, 0xe3, 0x2c, 0x6f, 0xa6, 0x40, 0x44, 0xfb, 0x13, 0xc1, 0xcb,
0x51, 0xdf, 0x36, 0x4a, 0x02, 0x00, 0x00, 0x5e, 0xbb, 0x35, 0x19, 0x55, 0xe8, 0x66, 0xf1, 0xe1,
0x4e, 0x1e, 0x1b, 0x26, 0xa3, 0x37, 0xc2, 0xc6, 0x9c, 0x00, 0x88, 0x00, 0x1c, 0xe9, 0x0b, 0x15,
0x43, 0x8f, 0x11, 0x95, 0x9a, 0x8c, 0x7c, 0x52, 0x46, 0x57, 0x06, 0xce, 0x95, 0x6d, 0xf5, 0xac,
0xac, 0xa1, 0xfe, 0xd1, 0x6b, 0x5f, 0xb1, 0x07, 0x00, 0xbe, 0xca, 0x15, 0xc3, 0x6c, 0x21, 0x72,
0xc1, 0x9d, 0xdc, 0x5b, 0x58, 0x3e, 0x58, 0xb0, 0x91, 0xc5, 0x58, 0x19, 0x20, 0x91, 0x28, 0x5a,
0xce, 0x3a, 0xb2, 0x31, 0x5a, 0xa8, 0x78, 0xa8, 0xc5, 0x94, 0x5f, 0x8d, 0x12, 0xdb, 0x47, 0xef,
0xeb, 0x9d, 0x50, 0xa2, 0x56, 0x4a, 0x92, 0xd7, 0x05, 0x33, 0x19, 0x26, 0xdd, 0xd8, 0x38, 0xbe,
0x7f, 0xf7, 0xe2, 0x79, 0x55, 0x22, 0x00, 0xb6, 0xea, 0x15, 0x83, 0x81, 0xd0, 0x6a, 0xe2, 0x45,
0xe2, 0x23, 0x1b, 0xa3, 0x8f, 0x84, 0x4d, 0x7d, 0x35, 0x00, 0x2c, 0xb0, 0xac, 0xfb, 0xeb, 0x66,
0x34, 0xe2, 0x1f, 0xdc, 0x29, 0x9e, 0xc4, 0x88, 0x27, 0x04, 0xf1, 0xbd, 0x7a, 0x48, 0x87, 0xec,
0xdb, 0x92, 0x19, 0x4b, 0xc3, 0x53, 0x13, 0xc5, 0x51, 0x00, 0x34, 0x93, 0x4b, 0xda, 0xdd, 0x87,
0xfe, 0x00, 0x71, 0x2e, 0x1e, 0x03, 0x78, 0x67, 0x57, 0xa1, 0x35, 0xfc, 0x82, 0xb5, 0xdf, 0xc7,
0x1f, 0x10, 0xa6, 0x13, 0x08, 0xb9, 0x78, 0xc1, 0x32, 0x61, 0x13, 0x98, 0x00, 0xb4, 0x76, 0x45,
0xd5, 0xfd, 0x0f, 0xa1, 0xb9, 0x07, 0x88, 0x02, 0xd0, 0x5f, 0x2f, 0x8d, 0x5d, 0x2b, 0xdc, 0x6e,
0x95, 0xd7, 0xdd, 0x1f, 0x12, 0x22, 0x17, 0x40, 0x8c, 0xef, 0x41, 0xc3, 0xec, 0xac, 0x29, 0x00,
0xac, 0x7a, 0x89, 0xdf, 0xed, 0x0f, 0x09, 0x2d, 0xa4, 0x81, 0x28, 0xd7, 0xb2, 0x06, 0xcc, 0x1f,
0xf4, 0x4c, 0x67, 0x12, 0x00, 0x34, 0x9f, 0x63, 0xda, 0x71, 0x03, 0xbc, 0xe2, 0x1c, 0x2c, 0x8f,
0xbf, 0xf5, 0xb1, 0x79, 0x97, 0x02, 0xfc, 0x96, 0xb9, 0xdf, 0xa7, 0x22, 0x4c, 0x09, 0xfc, 0x62,
0x72, 0x81, 0x33, 0x26, 0x2e, 0x37, 0xc4, 0x2e, 0x12, 0x00, 0x52, 0xca, 0x45, 0xc3, 0x54, 0xa1,
0xf5, 0xc5, 0xa7, 0x6f, 0xb2, 0x6f, 0x60, 0xf4, 0x81, 0xb0, 0x70, 0xf4, 0xfd, 0x51, 0x03, 0x50,
0x8c, 0x33, 0x39, 0xb7, 0xff, 0x2d, 0x4a, 0xcf, 0x39, 0xa8, 0xbb, 0x79, 0xb9, 0xc5, 0x47, 0x46,
0xfa, 0x8a, 0x02, 0x3b, 0x65, 0x74, 0xea, 0x9d, 0xf5, 0x3d, 0x04, 0xc5, 0xda, 0xef, 0x9e, 0xae,
0x06, 0x00, 0xf3, 0x10, 0x42, 0x01, 0x00, 0xf4, 0x82, 0x63, 0xd3, 0xe1, 0xcf, 0x22, 0xb4, 0x9c,
0x36, 0x18, 0x00, 0xb4, 0xd9, 0xd8, 0x4c, 0x26, 0x00, 0x64, 0x76, 0xcd, 0x24, 0x04, 0x7f, 0x11,
0x9a, 0x0e, 0x20, 0xc1, 0xc5, 0x95, 0x0b, 0x08, 0xa5, 0x8d, 0xde, 0x01, 0xf4, 0x8a, 0x55, 0xd2,
0x9d, 0x13, 0x97, 0x80, 0x78, 0x91, 0x01, 0x64, 0x9b, 0xff, 0x0a, 0x33, 0x68, 0x7f, 0x01, 0x3c,
0x9f, 0x85, 0xd1, 0xb4, 0xf2, 0x81, 0xb5, 0x27, 0x82, 0x44, 0x72, 0xd6, 0x1e, 0xc4, 0xff, 0x1e,
0xc1, 0x00, 0x12, 0xda, 0x65, 0x1b, 0xcd, 0x08, 0x4d, 0x73, 0xbc, 0x48, 0xe6, 0xc8, 0x90, 0xd1,
0x1b, 0x65, 0xdb, 0x2c, 0x8e, 0x04, 0x40, 0xc4, 0x68, 0x3b, 0x39, 0x42, 0x08, 0xdd, 0xe5, 0xb5,
0x0e, 0x90, 0xfa, 0x9e, 0xc1, 0xe5, 0x32, 0x40, 0x59, 0x26, 0x91, 0xda, 0xcf, 0x16, 0x5d, 0xfd,
0xdb, 0x6a, 0x67, 0x1f, 0x00, 0x00, 0x70, 0x54, 0x00, 0xbc, 0x7e, 0x81, 0xdf, 0xe7, 0x3f, 0x03,
0xa1, 0x95, 0xb0, 0xc1, 0x07, 0xa0, 0xd3, 0x64, 0xbb, 0xba, 0x02, 0xdc, 0x7a, 0x5d, 0xd3, 0xf6,
0x87, 0x84, 0x56, 0xd3, 0x00, 0x51, 0xae, 0x33, 0x40, 0xb7, 0xbb, 0xbb, 0x56, 0x02, 0x0c, 0x87,
0x85, 0xd1, 0xdd, 0x1f, 0x10, 0xa6, 0x00, 0x04, 0xb9, 0xf8, 0x38, 0x80, 0xb9, 0xf6, 0x20, 0xbe,
0x3a, 0x34, 0x9f, 0x63, 0xd3, 0x2d, 0x01, 0x44, 0x8b, 0x3a, 0x1b, 0x0c, 0x7f, 0x75, 0x2b, 0xad,
0xfe, 0x05, 0x01, 0x2c, 0x93, 0xb5, 0xdf, 0x71, 0xa9, 0xb4, 0x80, 0x38, 0x17, 0x67, 0x42, 0xf3,
0x7d, 0x96, 0x69, 0x67, 0x04, 0x04, 0x83, 0x73, 0xd5, 0xa7, 0xe5, 0x84, 0xe9, 0x0d, 0x44, 0x01,
0xe8, 0xbf, 0xc1, 0x3e, 0x62, 0xb5, 0x00, 0x9c, 0x6e, 0x19, 0x33, 0x04, 0xff, 0x8c, 0x84, 0xa6,
0x27, 0x10, 0xe5, 0xda, 0x80, 0x50, 0x4d, 0x62, 0x74, 0x09, 0x00, 0xe4, 0x76, 0x75, 0xd2, 0xf6,
0x67, 0x13, 0x5a, 0x3e, 0x07, 0x1c, 0x2e, 0x0e, 0x80, 0xdb, 0x18, 0x5c, 0x6f, 0x03, 0xcc, 0x76,
0x89, 0xd4, 0xe7, 0x2f, 0x21, 0x00, 0x20, 0x18, 0x7e, 0x3d, 0x94, 0x52, 0xe2, 0x45, 0xc5, 0x01,
0x00, 0x14, 0xa3, 0x69, 0xd2, 0x32, 0x04, 0x1a, 0x88, 0x15, 0x1f, 0x2c, 0x68, 0x7d, 0xaa, 0xa8,
0xa1, 0xe7, 0x0e, 0x00, 0xf4, 0x8e, 0x81, 0xd9, 0xfd, 0xef, 0x09, 0x5b, 0x00, 0x41, 0xae, 0x95,
0x0b, 0x24, 0x3b, 0x89, 0x6f, 0x96, 0x49, 0x00, 0xf4, 0x86, 0xa9, 0xd7, 0xf1, 0x0f, 0x09, 0x4d,
0x6c, 0x20, 0x08, 0x40, 0x7f, 0x54, 0xd7, 0x54, 0xf5, 0x01, 0xcc, 0x66, 0x95, 0xd7, 0xed, 0x87,
0x10, 0x26, 0x2f, 0x10, 0x03, 0xa0, 0xbf, 0x2a, 0x2b, 0x2e, 0x09, 0xcc, 0x6e, 0xdb, 0x51, 0x77,
0x3f, 0x84, 0x56, 0x66, 0x80, 0x20, 0x17, 0x4f, 0x00, 0xd2, 0x12, 0x09, 0x7a, 0x1b, 0x8c, 0x62,
0x25, 0xa9, 0xcf, 0x0f, 0xc1, 0x03, 0xd2, 0x5c, 0x07, 0x60, 0xf5, 0x4a, 0xab, 0x88, 0x01, 0x3c,
0xa3, 0x6d, 0xda, 0xe1, 0x01, 0x10, 0x2f, 0x3a, 0xd0, 0x69, 0x8e, 0x30, 0xeb, 0x9a, 0xfa, 0xfb,
0x17, 0x00, 0x34, 0x9b, 0xeb, 0x4e, 0x77, 0x03, 0x20, 0x5a, 0x6c, 0x00, 0x1a, 0x4e, 0xbe, 0xea,
0x3a, 0x3f, 0x0f, 0x5a, 0xda, 0x65, 0xc3, 0x43, 0xa1, 0x6d, 0x8d, 0x0f, 0x92, 0xbe, 0x81, 0xf1,
0xc5, 0x82, 0x8c, 0xa3, 0x01, 0x28, 0x89, 0xb4, 0xad, 0x43, 0xff, 0x24, 0x9d, 0xf4, 0x42, 0xba,
0x2c, 0x77, 0xaa, 0x2f, 0xa9, 0xd9, 0x1f, 0x46, 0x81, 0x89, 0xa2, 0xf0, 0x60, 0xdf, 0xe6, 0x5f,
0x73, 0xa2, 0x36, 0x8a, 0xa3, 0xb5, 0xf0, 0xbe, 0xd8, 0xdf, 0x5b, 0x10, 0xf4, 0xe3, 0x79, 0x01,
0x56, 0xca, 0x65, 0xc3, 0x02, 0xa1, 0xad, 0xc0, 0xa7, 0x96, 0x3c, 0x46, 0x06, 0x46, 0x47, 0xd9,
0xcc, 0xd7, 0x11, 0x00, 0x58, 0x60, 0x06, 0xbf, 0xe6, 0xb0, 0x2d, 0x56, 0xf6, 0x12, 0x2d, 0x58,
0x31, 0x42, 0x25, 0x90, 0x56, 0x8e, 0xfc, 0x2e, 0x32, 0x2f, 0xf9, 0xa9, 0x4c, 0x4b, 0xa7, 0xd7,
0xa8, 0xca, 0x01, 0x00, 0xcc, 0x7e, 0x89, 0x1c, 0x82, 0x2b, 0xf1, 0x2d, 0x10, 0xf2, 0x35, 0x1d,
0x4a, 0xd1, 0x2c, 0x47, 0x02, 0x44, 0xa3, 0x63, 0x55, 0xbb, 0x79, 0x81, 0x68, 0x71, 0x9e, 0x68,
0xf2, 0xb0, 0xc4, 0xab, 0xfa, 0x5a, 0x01, 0x04, 0x8b, 0x01, 0x63, 0xfb, 0x88, 0xea, 0x83, 0x5f,
0x4c, 0x0a, 0x82, 0x96, 0xda, 0xa8, 0xa9, 0xfa, 0x8b, 0x33, 0x06, 0xdc, 0x7e, 0x6d, 0x15, 0x02,
0x7f, 0x24, 0xb4, 0x90, 0x04, 0x9f, 0xef, 0xbf, 0x75, 0xd3, 0x19, 0x3e, 0x66, 0x01, 0xbc, 0x6a,
0x63, 0x37, 0x84, 0xf9, 0x12, 0x9a, 0x7a, 0x80, 0x18, 0x00, 0xe9, 0x65, 0x71, 0x7d, 0x73, 0xb4,
0x76, 0x45, 0xd5, 0xdd, 0x2f, 0x42, 0xb3, 0x1b, 0x08, 0x72, 0xf1, 0x04, 0x20, 0xa9, 0x56, 0xc8,
0x74, 0xa4, 0x6a, 0x25, 0xa9, 0xfb, 0x97, 0xd0, 0x04, 0x80, 0x2c, 0x00, 0x7d, 0x1d, 0xda, 0x45,
0x45, 0x3c, 0x9f, 0x4b, 0xa7, 0xdb, 0x87, 0x15, 0x10, 0x2b, 0x3a, 0x9a, 0x45, 0xcd, 0x9b, 0x35,
0x9b, 0x8c, 0x1a, 0x05, 0x2c, 0x9b, 0x43, 0xd5, 0xed, 0xc3, 0x1a, 0x48, 0x72, 0xdd, 0x58, 0x10,
0x93, 0x8c, 0x04, 0x2b, 0x63, 0x00, 0xf2, 0xe9, 0x45, 0x1b, 0x04, 0x42, 0x43, 0xe1, 0x17, 0xc9,
0x19, 0x19, 0x32, 0x7a, 0x23, 0x2c, 0xc8, 0x89, 0x23, 0xd1, 0x40, 0x40, 0xf1, 0x0b, 0x18, 0x5d,
0x2a, 0xbe, 0x5b, 0x45, 0x2b, 0x74, 0xa9, 0x82, 0xa6, 0xd0, 0x14, 0x04, 0xa7, 0x69, 0x79, 0xb6,
0x60, 0x7f, 0xfa, 0x3f, 0x2a, 0xff, 0x8c, 0x12, 0x00, 0x00, 0x14, 0x00, 0xc4, 0x76, 0xf3, 0xa8,
0xfb, 0x0f, 0xa1, 0xe5, 0x3e, 0x40, 0x14, 0x80, 0x96, 0x87, 0x53, 0x7a, 0xa6, 0x01, 0xdc, 0x72,
0x6d, 0xda, 0xdd, 0x9f, 0x49, 0x68, 0x3a, 0xc0, 0x07, 0xa0, 0x3f, 0xaa, 0x99, 0x9e, 0x9a, 0xc4,
0x7a, 0x65, 0xa6, 0xc3, 0x1f, 0x10, 0x9a, 0x12, 0x10, 0x05, 0xa0, 0x31, 0xe3, 0xac, 0xb5, 0x2c,
0x3c, 0xa3, 0x63, 0xd5, 0x21, 0x18, 0x01, 0xb1, 0xe2, 0x1c, 0xa0, 0x69, 0x5c, 0xec, 0x6c, 0xbd,
0x57, 0x03, 0x34, 0x93, 0x4b, 0xd5, 0xdd, 0xe1, 0x07, 0x24, 0x8b, 0x91, 0x90, 0x46, 0x7d, 0x1f,
0x6e, 0xe2, 0xeb, 0x04, 0x1a, 0xda, 0xa5, 0x1b, 0x86, 0x42, 0x23, 0x02, 0x1f, 0x76, 0x72, 0x46,
0xc6, 0x8c, 0xde, 0x28, 0x9b, 0x31, 0x1f, 0x00, 0xc8, 0x80, 0x7e, 0x6f, 0x65, 0x19, 0x1a, 0x6e,
0x56, 0x27, 0x82, 0x9f, 0xa5, 0x5d, 0xe5, 0xcc, 0x55, 0x65, 0xd9, 0x7a, 0x64, 0xa8, 0xcd, 0xff,
0x2e, 0x0b, 0x5c, 0xfc, 0x9c, 0x70, 0xcf, 0x65, 0x00, 0x00, 0x7e, 0xdb, 0xad, 0x61, 0x46, 0x28,
0x6c, 0xe0, 0x83, 0x64, 0x8e, 0x0c, 0x1b, 0x7d, 0x20, 0x2c, 0x98, 0x7b, 0x01, 0x20, 0x02, 0x9c,
0x23, 0xe8, 0xd2, 0x25, 0x3e, 0xeb, 0xe5, 0x90, 0xf2, 0x7c, 0xc5, 0x65, 0xfe, 0x1c, 0x24, 0x89,
0x0d, 0x51, 0x34, 0x45, 0x9c, 0xab, 0xdf, 0xeb, 0x28, 0x01, 0x00, 0x5e, 0xeb, 0x75, 0xd9, 0x40,
0xa8, 0x26, 0xf1, 0x18, 0xcf, 0xe4, 0xb1, 0x31, 0x9d, 0x46, 0x46, 0x99, 0xb0, 0x20, 0x73, 0x61,
0x01, 0x0b, 0xd0, 0xd7, 0xc5, 0x94, 0xd5, 0x3b, 0x23, 0x20, 0x4d, 0x7f, 0x75, 0x5a, 0x64, 0xef,
0xf0, 0xd0, 0x8a, 0x74, 0x6d, 0xe0, 0x2c, 0x4a, 0xd7, 0x96, 0xbf, 0x7f, 0xcb, 0xc1, 0x31, 0x00,
0x00, 0xbe, 0xda, 0x15, 0x03, 0x81, 0x50, 0x35, 0xf1, 0x30, 0x93, 0x7b, 0x64, 0x60, 0x94, 0x29,
0xe7, 0xe4, 0xeb, 0x59, 0x01, 0x40, 0x37, 0x40, 0x40, 0x01, 0xdc, 0xf6, 0xb8, 0x13, 0x3b, 0x9e,
0xa5, 0x55, 0x81, 0xde, 0xb9, 0x88, 0x42, 0xd7, 0xe5, 0xa0, 0xb3, 0x68, 0x4a, 0x6d, 0xea, 0x4f,
0x91, 0xeb, 0xd8, 0xaf, 0x01, 0x00, 0xfe, 0x9a, 0x8d, 0x99, 0x40, 0x28, 0x44, 0xe2, 0x45, 0x72,
0x8f, 0x30, 0x7a, 0x52, 0x36, 0x19, 0x0b, 0x00, 0x11, 0x50, 0xba, 0x4c, 0xef, 0x46, 0xf7, 0x12,
0x51, 0xa7, 0x88, 0xbf, 0x7f, 0x17, 0x4c, 0xf6, 0x11, 0x49, 0xad, 0xac, 0x20, 0x77, 0x64, 0x36,
0x9a, 0x5e, 0xb2, 0xe1, 0x04, 0x00, 0x00, 0xfe, 0xaa, 0xd5, 0xa1, 0x25, 0x54, 0x6f, 0x3c, 0xec,
0xe4, 0x39, 0x32, 0x19, 0x3d, 0x29, 0x9b, 0x18, 0x91, 0x68, 0xc0, 0x25, 0x00, 0x22, 0xae, 0x61,
0xf8, 0x3d, 0x03, 0x14, 0x38, 0x1e, 0x33, 0xbe, 0x20, 0x3f, 0x2f, 0x1d, 0x26, 0x2f, 0xa2, 0x51,
0x26, 0x8e, 0xbf, 0x65, 0x5f, 0x5c, 0xb5, 0x65, 0x13, 0xc0, 0x04, 0x00, 0x1e, 0xbb, 0xd5, 0x19,
0x4b, 0x88, 0x6c, 0xf0, 0x4c, 0xf6, 0x0d, 0x03, 0xa3, 0x37, 0xc2, 0x26, 0x37, 0x86, 0x20, 0x40,
0x06, 0xbc, 0x5a, 0x7a, 0x94, 0xf4, 0xd5, 0x66, 0xc4, 0x21, 0xd9, 0x78, 0x99, 0x84, 0x72, 0x14,
0xa3, 0x3a, 0xd6, 0x68, 0x7e, 0x6a, 0xdc, 0x3d, 0xf3, 0x32, 0xd3, 0xdf, 0xf6, 0x50, 0x1e, 0x00,
0x00, 0x1e, 0xdb, 0xd5, 0xb6, 0x2d, 0x24, 0x15, 0x1e, 0x7e, 0x92, 0xe7, 0xc8, 0x31, 0x36, 0x3a,
0xca, 0x26, 0xa2, 0x1b, 0x0b, 0x28, 0xa0, 0xcc, 0x39, 0x7f, 0x9b, 0xfe, 0xe5, 0x4e, 0x41, 0x36,
0x36, 0xff, 0x04, 0xbc, 0xfe, 0x39, 0x43, 0x9f, 0x99, 0xfd, 0xa1, 0x6c, 0xb9, 0xbe, 0x16, 0x9e,
0xdb, 0xc6, 0xcb, 0x01, 0xde, 0xda, 0x95, 0x03, 0x81, 0x10, 0x12, 0xfc, 0x24, 0x8f, 0x11, 0x46,
0x4f, 0xca, 0x26, 0x6f, 0x2e, 0xd9, 0x21, 0x41, 0x42, 0x51, 0xf6, 0x8d, 0x25, 0xfe, 0x37, 0x5f,
0x83, 0x3a, 0xd8, 0xcf, 0x47, 0xec, 0xcc, 0x71, 0x66, 0xcd, 0xe1, 0x39, 0x7f, 0xf8, 0xe8, 0x79,
0x87, 0x61, 0xd5, 0x1f, 0xb8, 0xed, 0x05, 0x00, 0x04, 0x3e, 0xdb, 0x6d, 0x03, 0x39, 0x21, 0xc6,
0x80, 0xe4, 0x8c, 0x8c, 0x1b, 0x65, 0xc2, 0x82, 0xde, 0x8e, 0x8c, 0x6c, 0x40, 0x04, 0x50, 0x9f,
0xc6, 0x8e, 0x35, 0xe2, 0x05, 0xe0, 0xf8, 0x21, 0xd1, 0x64, 0x2d, 0x14, 0x1c, 0x6b, 0x20, 0x6d,
0x18, 0x1b, 0xaf, 0x76, 0xb6, 0xb6, 0x97, 0x8b, 0x0c, 0x00, 0x3e, 0xcb, 0x4d, 0x99, 0x50, 0x28,
0x64, 0xe0, 0xc3, 0x9d, 0x3c, 0x46, 0x86, 0x8c, 0x8e, 0xb2, 0x60, 0x23, 0x03, 0x00, 0x31, 0x05,
0xcc, 0x10, 0xce, 0xdc, 0x25, 0x07, 0x44, 0xe1, 0xa9, 0x3b, 0x4d, 0x91, 0x1f, 0x18, 0x49, 0xd7,
0xa5, 0x99, 0x5c, 0x46, 0xe3, 0xf3, 0x9e, 0x04, 0x4d, 0xad, 0x1c, 0x00, 0x00, 0xc0, 0x04, 0x7e,
0xdb, 0x75, 0x59, 0x4b, 0x08, 0x0d, 0xde, 0xc9, 0x63, 0xa4, 0x6c, 0xf4, 0x24, 0x2c, 0x18, 0x63,
0x67, 0x99, 0x00, 0x03, 0xd0, 0xc6, 0xd7, 0x72, 0x9a, 0x98, 0x17, 0x45, 0x84, 0x72, 0xbc, 0xb3,
0x6a, 0x19, 0x89, 0x1b, 0xf5, 0x16, 0x32, 0xa8, 0xf1, 0x8e, 0xe9, 0xf9, 0x7c, 0xe5, 0xdf, 0x64,
0x00, 0xfe, 0xda, 0x95, 0x59, 0x5b, 0xe8, 0x14, 0x1e, 0x9e, 0xc9, 0x3d, 0xc2, 0x28, 0x53, 0x36,
0xf3, 0xd7, 0xd7, 0x02, 0x60, 0x00, 0xa2, 0xc4, 0xe9, 0xc6, 0x0c, 0xa2, 0x50, 0x30, 0xeb, 0xf0,
0x04, 0x69, 0x6e, 0x23, 0x5c, 0xf3, 0xc5, 0x37, 0x73, 0x65, 0x04, 0x46, 0x1f, 0xb3, 0xf0, 0x75,
0x02, 0x00, 0x7e, 0xcb, 0x8d, 0x81, 0x2d, 0x74, 0x59, 0x78, 0xd9, 0xc9, 0x1c, 0x61, 0xf4, 0x46,
0xd9, 0x64, 0xbd, 0x09, 0x40, 0x06, 0x50, 0xaf, 0xe4, 0x0b, 0x65, 0x27, 0x01, 0x85, 0x71, 0xec,
0x83, 0x99, 0xc4, 0x45, 0x8c, 0x85, 0xb3, 0xb6, 0x9e, 0x99, 0x10, 0x19, 0xe5, 0x3a, 0xc2, 0xb5,
0xb9, 0xcb, 0x00, 0x00, 0x7e, 0xbb, 0x4d, 0x81, 0x2d, 0x74, 0x1a, 0x0f, 0xdf, 0xe4, 0x8c, 0x0c,
0x8c, 0xde, 0x08, 0x9b, 0xc8, 0x1a, 0x16, 0x10, 0x11, 0x00, 0x71, 0x4f, 0x7f, 0x51, 0x99, 0x85,
0x0a, 0x50, 0x83, 0x2d, 0x12, 0xcb, 0xbd, 0x82, 0x7b, 0x5d, 0xd7, 0x17, 0x9f, 0x63, 0x4d, 0x29,
0x83, 0xf6, 0x23, 0x6e, 0x09, 0x00, 0x40, 0x00, 0x5e, 0xab, 0x8d, 0x81, 0x25, 0x74, 0x0a, 0x2f,
0xcf, 0x64, 0x6d, 0x18, 0x32, 0x7a, 0x23, 0x6c, 0x8e, 0xb9, 0x01, 0x20, 0x02, 0xf0, 0x64, 0xee,
0xdb, 0x62, 0x4f, 0xca, 0xa3, 0xc0, 0x5e, 0xdf, 0x9b, 0x86, 0xd5, 0x2b, 0x01, 0xe9, 0x6b, 0xb2,
0x97, 0xa6, 0x55, 0x2b, 0x33, 0x3f, 0xa3, 0x68, 0xab, 0x06, 0x29, 0x00, 0x00, 0x5e, 0xdb, 0x8d,
0x56, 0x20, 0x54, 0x93, 0xf8, 0x30, 0x92, 0xe7, 0x48, 0x1f, 0x91, 0xd1, 0x11, 0x36, 0x3d, 0x72,
0x06, 0xa0, 0x03, 0xdc, 0xbe, 0xde, 0xdc, 0x88, 0x69, 0x70, 0x17, 0xf0, 0xe7, 0xcf, 0x98, 0x6d,
0x94, 0x3b, 0xd2, 0xcc, 0xd8, 0xf0, 0xcc, 0x3d, 0x11, 0xd0, 0x6a, 0x91, 0xf7, 0x34, 0xfb, 0x43,
0x81, 0x03, 0x00, 0xde, 0xda, 0xd5, 0x99, 0x40, 0xa8, 0x04, 0x1e, 0x7e, 0x92, 0xe7, 0x48, 0x1b,
0x32, 0x3a, 0xca, 0x39, 0x79, 0xbe, 0x1e, 0x04, 0x60, 0x37, 0x01, 0x20, 0x03, 0xe2, 0xf6, 0x8e,
0x7d, 0x8d, 0xc9, 0xd1, 0x1d, 0x78, 0xb8, 0x58, 0x55, 0x77, 0x57, 0x1b, 0x82, 0x6a, 0x6c, 0xce,
0xdf, 0x4b, 0x11, 0xbf, 0xac, 0x0a, 0xc0, 0xa3, 0xc6, 0x65, 0x06, 0x00, 0x00, 0x7e, 0xdb, 0xf5,
0xaa, 0x2d, 0x54, 0x51, 0xf8, 0xc8, 0x77, 0x72, 0x8f, 0x24, 0x19, 0x3d, 0x09, 0x9b, 0xac, 0xeb,
0x04, 0xa0, 0x00, 0x20, 0x9f, 0x9f, 0x86, 0x9e, 0x16, 0x02, 0xba, 0xf7, 0xff, 0xc4, 0x84, 0x3e,
0xa9, 0xc5, 0xd0, 0x97, 0xe2, 0x7c, 0x7e, 0x72, 0xdb, 0x90, 0xd7, 0x0f, 0xf8, 0xbd, 0xf1, 0x23,
0x18, 0x00, 0x00, 0x9e, 0xdb, 0x4d, 0x7c, 0x20, 0x14, 0x9a, 0x78, 0xf5, 0x77, 0xf2, 0x18, 0x19,
0x32, 0xca, 0x94, 0x4d, 0x7d, 0x8c, 0x48, 0x00, 0x09, 0x40, 0xfd, 0xc9, 0x62, 0x8d, 0xa4, 0xab,
0x97, 0x03, 0xbd, 0x6e, 0xbd, 0x87, 0x95, 0x93, 0xe0, 0xf8, 0xf2, 0xcb, 0x0f, 0x43, 0x69, 0x50,
0x72, 0xdb, 0x67, 0x4e, 0x96, 0xd6, 0x29, 0x00, 0x9e, 0xdb, 0x5d, 0xed, 0x01, 0xa1, 0x10, 0x82,
0xc7, 0x22, 0xd9, 0x47, 0xc6, 0x8d, 0x46, 0xd8, 0x6c, 0x6f, 0x03, 0x50, 0x00, 0xcb, 0x3a, 0xfe,
0xa7, 0x2d, 0xb6, 0x72, 0x00, 0xf7, 0xd7, 0x71, 0x13, 0x76, 0x60, 0xea, 0xc0, 0x80, 0x4c, 0xc4,
0x78, 0x90, 0xfe, 0xbb, 0xf2, 0x0c, 0xad, 0x9c, 0xdc, 0x03, 0x00, 0x3e, 0xdb, 0x75, 0x76, 0x20,
0xa4, 0x25, 0x3e, 0x7a, 0xc9, 0x19, 0x61, 0xf4, 0xa4, 0x9c, 0x3c, 0x62, 0x00, 0xa0, 0x17, 0x00,
0x88, 0x00, 0x38, 0x46, 0x32, 0x42, 0x0b, 0xea, 0xb1, 0x81, 0x84, 0x13, 0x51, 0xb3, 0x81, 0x6a,
0x51, 0xa1, 0x47, 0xea, 0x02, 0x29, 0x22, 0xaa, 0x7d, 0x8e, 0x6d, 0x4c, 0x56, 0x01, 0x00, 0x9e,
0xdb, 0xad, 0x6a, 0x28, 0x74, 0x19, 0x78, 0x79, 0x26, 0xcf, 0x91, 0x21, 0xa3, 0xa3, 0x6c, 0xa2,
0xbe, 0x00, 0x50, 0x00, 0xb5, 0xb3, 0x9d, 0x89, 0x8c, 0xd0, 0xab, 0x80, 0xb9, 0xde, 0x1b, 0x48,
0x9a, 0x99, 0x21, 0x8b, 0x8e, 0x38, 0x8b, 0x15, 0x0c, 0xe1, 0x6a, 0x41, 0xe7, 0xb6, 0xf8, 0xa6,
0x88, 0x00, 0x00, 0x5e, 0xeb, 0xad, 0x6a, 0x56, 0xe8, 0x6a, 0xf8, 0x24, 0xb9, 0x37, 0x0c, 0x1b,
0x1d, 0xe1, 0xc4, 0xf1, 0xb2, 0x00, 0xd0, 0x0d, 0x00, 0x16, 0x60, 0xfe, 0xa2, 0x9d, 0x10, 0x9a,
0x04, 0x41, 0x35, 0xb5, 0xf9, 0x0c, 0x80, 0xaa, 0x4b, 0x75, 0x42, 0x1a, 0x49, 0x23, 0xdb, 0x33,
0x5c, 0xf8, 0xcb, 0x1f, 0x4e, 0xcf, 0x01, 0x00, 0x1e, 0xdb, 0x75, 0x6a, 0x20, 0x14, 0x32, 0xf0,
0xe8, 0x66, 0xf2, 0xde, 0x30, 0x30, 0x1a, 0x61, 0x53, 0xf6, 0xc4, 0x26, 0x80, 0x04, 0x50, 0x7f,
0xde, 0x19, 0x8b, 0x6b, 0xa9, 0x43, 0x39, 0xde, 0x6c, 0x07, 0xa0, 0x2c, 0x97, 0x19, 0xb4, 0xa5,
0x38, 0xd0, 0x2e, 0xd0, 0xeb, 0xf7, 0xc2, 0xe7, 0xc7, 0x20, 0x00, 0xde, 0xdb, 0xed, 0x6a, 0x28,
0x44, 0x04, 0x38, 0xc9, 0x7b, 0xe4, 0x18, 0x8c, 0x46, 0xd9, 0xf4, 0x8e, 0x1a, 0x80, 0x02, 0xb8,
0x6f, 0x39, 0xf5, 0x5f, 0xba, 0x55, 0x01, 0xaa, 0x9c, 0xa3, 0xc9, 0x24, 0xac, 0x72, 0xe5, 0x80,
0x77, 0xc4, 0x26, 0xb3, 0x52, 0xe4, 0xea, 0xe5, 0x6f, 0x9f, 0x51, 0x4c, 0x01, 0x00, 0xbe, 0xdb,
0xad, 0x7c, 0x20, 0xa4, 0x12, 0xfa, 0x3b, 0xf9, 0x34, 0x32, 0x19, 0x95, 0xb0, 0x20, 0x7a, 0x1e,
0xdb, 0x00, 0x09, 0x00, 0xe7, 0x7f, 0xef, 0x7a, 0x4f, 0xbc, 0x04, 0xea, 0x53, 0x36, 0x25, 0x47,
0x6d, 0xb5, 0xd6, 0xa3, 0xb6, 0x95, 0x16, 0x17, 0xb6, 0x8f, 0xb6, 0x86, 0x68, 0x34, 0x05, 0x49,
0x00, 0x00, 0x9e, 0xdb, 0x9d, 0x94, 0x9c, 0x50, 0x55, 0xf1, 0xe8, 0x25, 0x67, 0x64, 0xcc, 0xe8,
0x28, 0x0b, 0x32, 0xc6, 0x02, 0x20, 0x02, 0x98, 0x5f, 0xed, 0x8f, 0xdd, 0x10, 0x2d, 0x8a, 0xef,
0xb7, 0x35, 0xc3, 0x92, 0x11, 0x26, 0x24, 0x97, 0x58, 0xa8, 0xa1, 0x3e, 0xb3, 0xd7, 0xc6, 0xb7,
0x3d, 0x14, 0x00, 0x00, 0x7e, 0xeb, 0xed, 0x76, 0x4e, 0x28, 0xba, 0xe2, 0x22, 0x79, 0x8e, 0x0c,
0x19, 0x95, 0x70, 0x32, 0xef, 0x6b, 0x00, 0x5a, 0x00, 0x00, 0x0b, 0x50, 0x53, 0xa6, 0xdd, 0x2e,
0x34, 0x71, 0x64, 0x39, 0x5b, 0x59, 0xc4, 0x99, 0xb3, 0x19, 0x1c, 0x5a, 0x27, 0x5c, 0x19, 0xc3,
0xf3, 0xd0, 0x57, 0x66, 0x43, 0x05, 0x00, 0x00, 0x9e, 0xda, 0x75, 0x03, 0x59, 0x21, 0x6e, 0xe0,
0x4e, 0x9e, 0x23, 0x23, 0xa3, 0x51, 0xb6, 0x0d, 0xb7, 0x4b, 0x00, 0x12, 0x00, 0x91, 0xa9, 0xe7,
0x79, 0x9b, 0x8b, 0x08, 0x6a, 0xd7, 0xa7, 0x1b, 0x60, 0xb5, 0xbf, 0xae, 0x0b, 0xea, 0x32, 0x10,
0x22, 0x81, 0xb5, 0x1c, 0x52, 0xef, 0x79, 0xe6, 0x62, 0x03, 0x9e, 0xda, 0x95, 0xf9, 0x50, 0x48,
0x0b, 0xf0, 0x4c, 0x3e, 0x6d, 0x18, 0x19, 0x95, 0xb0, 0x29, 0x8a, 0xe9, 0x15, 0xb1, 0x00, 0x16,
0x20, 0x94, 0x5d, 0x6c, 0xba, 0x10, 0x83, 0x80, 0x98, 0x48, 0xeb, 0x90, 0x99, 0xcc, 0xe4, 0x7e,
0xa4, 0xab, 0x1c, 0x59, 0x60, 0xd9, 0x05, 0x79, 0xa5, 0xba, 0xec, 0x3e, 0x6c, 0x19, 0x00, 0x00,
0xde, 0xda, 0xf5, 0x61, 0x46, 0xe8, 0x65, 0xb8, 0xb4, 0xe4, 0x3d, 0x32, 0x30, 0x2a, 0xe5, 0x5a,
0x9e, 0xa9, 0x4c, 0x00, 0x32, 0x01, 0x02, 0x12, 0x60, 0x89, 0x95, 0xcc, 0xcf, 0x4c, 0x2f, 0x02,
0x84, 0xd0, 0x93, 0x2a, 0x10, 0x6e, 0x19, 0x0b, 0x50, 0x6d, 0x61, 0xdc, 0xe5, 0x84, 0x7a, 0xf6,
0x31, 0x76, 0x0c, 0x73, 0x06, 0x00, 0x3e, 0xbb, 0x2d, 0x41, 0x28, 0xa4, 0x07, 0x90, 0xbc, 0x37,
0x30, 0x1a, 0x61, 0xeb, 0x3c, 0xb2, 0x03, 0xa0, 0x2d, 0xc0, 0x35, 0xf5, 0xdf, 0x43, 0xc4, 0x14,
0x74, 0xbd, 0xcf, 0x43, 0x59, 0x6b, 0x40, 0x5d, 0x91, 0x02, 0x0c, 0xd4, 0x51, 0x9f, 0xdc, 0xc5,
0x39, 0x1f, 0x4e, 0xb7, 0x41, 0x21, 0x00, 0x00, 0x9e, 0xaa, 0x8d, 0x99, 0x8c, 0x90, 0x30, 0x70,
0x92, 0xc7, 0xc8, 0x90, 0xd1, 0x51, 0x36, 0xa7, 0x3b, 0x51, 0x11, 0x00, 0x32, 0x01, 0x60, 0xb5,
0x9f, 0x9c, 0x5d, 0xad, 0xe2, 0x72, 0xeb, 0xb0, 0x5d, 0x6c, 0x98, 0xe1, 0xee, 0xb3, 0x52, 0xe2,
0xc3, 0x7c, 0x06, 0xbe, 0x86, 0x1a, 0x2c, 0xe5, 0x72, 0x89, 0x5c, 0x0b, 0x00, 0x18, 0x02, 0x00,
0x1e, 0xab, 0x9d, 0xec, 0xbc, 0x90, 0x29, 0xd0, 0xe5, 0xe4, 0x39, 0x32, 0x66, 0x54, 0xca, 0xe6,
0x30, 0x11, 0x09, 0xa0, 0xa5, 0xe0, 0xce, 0xdd, 0xce, 0x61, 0xd5, 0x83, 0x94, 0x86, 0x76, 0x5b,
0x15, 0x17, 0x92, 0xf4, 0x66, 0x91, 0x33, 0x59, 0x68, 0x7c, 0xd4, 0x97, 0x31, 0x14, 0xb7, 0xd6,
0xec, 0x55, 0x2b, 0x00, 0x2c, 0x3e, 0x9b, 0x9d, 0xb3, 0x39, 0x21, 0x4d, 0x41, 0x49, 0xde, 0x23,
0x43, 0x46, 0xa5, 0x2c, 0x6c, 0xb6, 0x04, 0xc0, 0x52, 0xe0, 0x5f, 0x32, 0xae, 0x0d, 0x86, 0xd2,
0x20, 0x7d, 0xfe, 0xb0, 0x31, 0x40, 0xaa, 0x17, 0x86, 0xca, 0xc2, 0x48, 0xda, 0xca, 0xd6, 0x36,
0x3f, 0xd0, 0x50, 0xaa, 0x4c, 0x00, 0x60, 0x7d, 0x94, 0x07, 0x7e, 0x8b, 0x5d, 0xc2, 0x8c, 0x50,
0x2c, 0x07, 0x29, 0xf9, 0x18, 0xa9, 0x58, 0x4f, 0x58, 0x58, 0xf5, 0x91, 0x00, 0x64, 0x02, 0x34,
0x25, 0x5d, 0x9a, 0x27, 0x3d, 0x75, 0x41, 0xc1, 0x68, 0xc7, 0x84, 0x47, 0x53, 0x53, 0xe2, 0x1c,
0x8a, 0x2e, 0x4a, 0xae, 0xe4, 0x19, 0x7d, 0x59, 0xfd, 0x72, 0xc1, 0x00, 0x90, 0x00, 0x4f, 0x67,
0x67, 0x53, 0x00, 0x04, 0xcd, 0x6f, 0x04, 0x00, 0x00, 0x00, 0x00, 0x00, 0x84, 0x94, 0xa4, 0xb4,
0x03, 0x00, 0x00, 0x00, 0xe8, 0xce, 0x1a, 0xc4, 0x60, 0x35, 0x36, 0x37, 0x39, 0x3c, 0x3c, 0x3e,
0x3a, 0x39, 0x3c, 0x3c, 0x3d, 0x38, 0x3a, 0x3b, 0x38, 0x39, 0x3b, 0x3a, 0x3a, 0x39, 0x3b, 0x37,
0x39, 0x3b, 0x3b, 0x3a, 0x3a, 0x38, 0x3a, 0x3b, 0x3b, 0x3a, 0x3a, 0x3a, 0x3a, 0x38, 0x3b, 0x3a,
0x3b, 0x38, 0x3a, 0x39, 0x3b, 0x3a, 0x37, 0x3e, 0x36, 0x34, 0x2f, 0x33, 0x36, 0x33, 0x36, 0x33,
0x34, 0x34, 0x35, 0x32, 0x34, 0x34, 0x34, 0x33, 0x35, 0x33, 0x33, 0x31, 0x35, 0x34, 0x33, 0x33,
0x35, 0x35, 0x36, 0x34, 0x2f, 0x31, 0x36, 0x34, 0x33, 0x2f, 0x32, 0x33, 0x36, 0x34, 0x34, 0x34,
0x34, 0x33, 0x33, 0x33, 0x34, 0x35, 0x34, 0x31, 0x30, 0x5e, 0x8b, 0x5d, 0x83, 0x9c, 0x50, 0xec,
0x0a, 0x46, 0xf2, 0xb1, 0x61, 0xc8, 0x7a, 0xc2, 0xb6, 0x11, 0x29, 0x00, 0x18, 0x8a, 0xe2, 0x48,
0x2b, 0xe4, 0xd4, 0x86, 0xa6, 0xb3, 0xa2, 0x0b, 0x1e, 0xb5, 0x40, 0x28, 0x9d, 0xb7, 0xb0, 0x58,
0xed, 0x11, 0x8a, 0xc5, 0x9f, 0x73, 0x76, 0x9c, 0xfd, 0x6b, 0x0b, 0x00, 0xfd, 0x74, 0xfe, 0x5a,
0xdd, 0x92, 0x83, 0x42, 0x04, 0x83, 0x9d, 0x3c, 0x46, 0x86, 0xad, 0xa7, 0x2c, 0x6c, 0xcc, 0x22,
0x00, 0x18, 0x46, 0x13, 0x99, 0xd5, 0x63, 0xda, 0x82, 0x22, 0xc8, 0x42, 0x08, 0x96, 0x11, 0xc5,
0xe2, 0x32, 0x6a, 0x1a, 0x9c, 0x7e, 0x5f, 0xd3, 0xc0, 0x7d, 0x93, 0x44, 0x3c, 0xc0, 0xbd, 0x59,
0x2f, 0xd6, 0x6c, 0x00, 0x5e, 0x4a, 0x9d, 0x83, 0xbc, 0x90, 0xae, 0x40, 0xf2, 0x1c, 0x61, 0x1d,
0x65, 0x61, 0x8b, 0x08, 0x00, 0x42, 0x2c, 0xf1, 0x62, 0xec, 0xdd, 0x4b, 0x50, 0x51, 0xf0, 0xf4,
0x8c, 0xde, 0x4f, 0x5e, 0x89, 0x4b, 0xad, 0x2f, 0xe7, 0x76, 0x22, 0x30, 0xdf, 0xe9, 0x94, 0xcf,
0x3e, 0x15, 0x03, 0x00, 0xc0, 0x56, 0xb8, 0x23, 0x3a, 0x1e, 0x00, 0x5e, 0x2a, 0x3d, 0x95, 0x41,
0x21, 0xc1, 0x20, 0x24, 0x8f, 0x91, 0x43, 0xd8, 0x2a, 0x65, 0x41, 0x31, 0x2f, 0x00, 0x5a, 0x89,
0xbb, 0xd6, 0x9c, 0x15, 0x27, 0xad, 0x84, 0x19, 0x8f, 0x93, 0x2c, 0x21, 0x36, 0xf0, 0x82, 0x04,
0xe7, 0x4f, 0x6b, 0x06, 0x89, 0x21, 0xed, 0x61, 0x95, 0x5f, 0xd7, 0x11, 0x08, 0x49, 0x76, 0xc9,
0x49, 0x49, 0x03, 0x00, 0xde, 0xc8, 0x8c, 0x99, 0x8c, 0x90, 0x13, 0x20, 0x27, 0xf7, 0x86, 0x6a,
0xe3, 0x83, 0x6f, 0xf1, 0x10, 0x00, 0x46, 0x5d, 0x00, 0x00, 0xae, 0xc4, 0xb2, 0xac, 0xcd, 0x58,
0xca, 0x00, 0x78, 0xfe, 0x62, 0x6a, 0x15, 0x51, 0xac, 0x80, 0x2b, 0xcb, 0xbb, 0x9e, 0xb5, 0xfd,
0x48, 0xcc, 0xfe, 0xf4, 0x48, 0xd7, 0x07, 0xc8, 0x4b, 0x1e, 0xd2, 0xb8, 0xb3, 0xf7, 0x23, 0x00,
0xfe, 0x88, 0x6c, 0x4a, 0x46, 0xa8, 0x04, 0xf2, 0x2a, 0x59, 0x23, 0x8c, 0x29, 0xdb, 0xc8, 0x8d,
0x04, 0x40, 0xa4, 0x90, 0x43, 0x36, 0xab, 0xde, 0x0a, 0x0a, 0x0a, 0xef, 0x2f, 0x75, 0x3c, 0x4a,
0x96, 0xb1, 0xb2, 0x1c, 0x04, 0xcc, 0x2e, 0xbb, 0x8d, 0x26, 0x4b, 0xfe, 0xd3, 0xc3, 0x9e, 0x00,
0xe4, 0xdc, 0xd7, 0x93, 0xd5, 0xdf, 0x74, 0xc9, 0x60, 0x8e, 0x1f, 0x00, 0x1e, 0x88, 0xd4, 0xb9,
0x50, 0xe8, 0x22, 0x60, 0x29, 0xc9, 0x3d, 0xc2, 0x98, 0xb2, 0x88, 0x1e, 0x16, 0x00, 0xaa, 0xd4,
0xfe, 0x31, 0x5d, 0xd3, 0xd0, 0xfb, 0x8d, 0x15, 0xbd, 0xda, 0xb3, 0x60, 0xeb, 0x43, 0xff, 0x8e,
0x72, 0x1c, 0x11, 0x1c, 0x39, 0x93, 0xe2, 0xfb, 0x26, 0xed, 0x79, 0x4f, 0x48, 0x57, 0x4b, 0xea,
0x35, 0x3c, 0x51, 0x46, 0x0a, 0xe3, 0x6b, 0x08, 0x26, 0x00, 0xfe, 0x86, 0x84, 0x1b, 0x64, 0x84,
0x48, 0x07, 0x77, 0x32, 0x47, 0xaa, 0x8d, 0x29, 0x8b, 0xb0, 0x36, 0x05, 0x80, 0x51, 0x70, 0xf7,
0x19, 0xa4, 0x32, 0xdd, 0xc1, 0x65, 0xfc, 0x7d, 0x17, 0xa5, 0x03, 0x4f, 0xb8, 0xa8, 0x3c, 0xc3,
0xac, 0x2e, 0x7e, 0x7e, 0x57, 0xbf, 0x06, 0xa3, 0x83, 0x50, 0x34, 0x5b, 0x13, 0x9d, 0x13, 0x81,
0x5b, 0x97, 0x24, 0x18, 0xfe, 0x86, 0x34, 0xc3, 0x07, 0x85, 0x58, 0x02, 0x3b, 0xa9, 0x11, 0xc6,
0x94, 0x4d, 0x64, 0x90, 0x00, 0xae, 0x42, 0x34, 0x7f, 0x7e, 0x9a, 0x24, 0x42, 0x73, 0xc8, 0x91,
0xa9, 0x1e, 0x92, 0x09, 0x0c, 0xc8, 0xab, 0x72, 0x8d, 0x8d, 0x77, 0xd9, 0x3f, 0x63, 0xb4, 0x19,
0x93, 0xd5, 0x32, 0x29, 0x6f, 0xb6, 0x6a, 0x41, 0x1b, 0x2f, 0x81, 0x79, 0x00, 0x5e, 0x86, 0x44,
0x1b, 0xc9, 0x0b, 0x51, 0x81, 0x65, 0x27, 0x7d, 0x64, 0x36, 0xa6, 0xf4, 0x52, 0x6c, 0xe9, 0xfb,
0xc9, 0x75, 0xfb, 0xfd, 0x31, 0x26, 0x58, 0x98, 0xc3, 0x39, 0x70, 0xc7, 0x6d, 0x71, 0x6a, 0x0c,
0x85, 0x0c, 0xf1, 0xb2, 0xbf, 0x3f, 0xbb, 0x52, 0x59, 0x60, 0x38, 0xad, 0x18, 0x0c, 0xa4, 0x2c,
0x95, 0xb8, 0x5c, 0xbd, 0xda, 0x6a, 0x1e, 0xcd, 0x09, 0xfe, 0x86, 0xf4, 0xc3, 0x86, 0x09, 0x11,
0x08, 0x24, 0x3e, 0xc2, 0x98, 0xb2, 0xad, 0x14, 0x09, 0x20, 0x47, 0x84, 0x4c, 0xf2, 0x10, 0x97,
0x08, 0x22, 0x51, 0x5b, 0x2f, 0xd3, 0x3d, 0x0a, 0x47, 0x4a, 0x77, 0x25, 0x8d, 0xcc, 0x19, 0xec,
0x64, 0xf1, 0x0c, 0x13, 0xd9, 0x07, 0x20, 0x21, 0x25, 0xd7, 0x6b, 0x46, 0x38, 0x89, 0xe9, 0x60,
0x64, 0xc0, 0x49, 0xa1, 0x24, 0x1e, 0x87, 0xf4, 0x99, 0x21, 0x21, 0x12, 0xa1, 0x9f, 0x49, 0x1f,
0x99, 0x8d, 0x29, 0xdb, 0x32, 0x64, 0x02, 0x94, 0x22, 0x89, 0xc1, 0xc8, 0x37, 0x8c, 0x42, 0x41,
0xbc, 0x3d, 0x62, 0x72, 0xbc, 0x57, 0xc8, 0x4c, 0x94, 0x8e, 0xdc, 0x4e, 0x47, 0x99, 0x0a, 0x8d,
0x7f, 0xb4, 0x24, 0x12, 0x23, 0x36, 0x39, 0x1c, 0x81, 0xef, 0x22, 0xa0, 0x17, 0xfe, 0xbb, 0x1d,
0x40, 0x03, 0xde, 0x86, 0x4c, 0xf9, 0x0d, 0xa0, 0xbd, 0xb0, 0x48, 0x6a, 0x80, 0x31, 0x61, 0x21,
0xc3, 0x02, 0xc0, 0x28, 0xaa, 0x7a, 0xc3, 0x44, 0x53, 0x3d, 0x94, 0x08, 0x78, 0xf2, 0xb9, 0x7a,
0x7a, 0xa9, 0xd6, 0xf0, 0xab, 0xe4, 0x1e, 0xf4, 0xf2, 0x39, 0xbb, 0x42, 0x3d, 0xd6, 0x8b, 0x22,
0x72, 0x77, 0xdf, 0xf4, 0x4d, 0xf2, 0x22, 0x3b, 0x37, 0x28, 0xde, 0x86, 0xac, 0xb9, 0x0d, 0x31,
0xbc, 0xe0, 0x24, 0x1c, 0x59, 0x1b, 0x53, 0x36, 0xcd, 0x31, 0x03, 0x48, 0x24, 0x16, 0xdb, 0x8d,
0xd9, 0xc7, 0x8b, 0x14, 0x1e, 0xc1, 0x61, 0x84, 0x45, 0x55, 0x6a, 0x00, 0xce, 0x36, 0xa3, 0x8f,
0xda, 0xd4, 0xb6, 0xf7, 0x1f, 0x26, 0xd3, 0x1e, 0xf3, 0xc3, 0xe2, 0x0a, 0x69, 0xc4, 0x51, 0x30,
0x72, 0x47, 0xea, 0x24, 0x1e, 0x86, 0x4c, 0x83, 0x1b, 0x05, 0x7d, 0x60, 0xf8, 0x67, 0x64, 0x32,
0xa6, 0x2c, 0x8c, 0x9a, 0x8e, 0x00, 0x70, 0x15, 0x55, 0xb6, 0xfd, 0xbf, 0x3d, 0x93, 0xab, 0x20,
0xf8, 0x89, 0xb4, 0x9a, 0x16, 0xd9, 0x18, 0x22, 0xb3, 0xae, 0x95, 0xcb, 0x5b, 0x46, 0xae, 0x75,
0xd4, 0x03, 0x1e, 0x37, 0x53, 0x22, 0xe9, 0x6a, 0xb9, 0x9b, 0x0b, 0xa9, 0x25, 0x11, 0x05, 0x9e,
0x86, 0xac, 0xd6, 0x46, 0x11, 0xf5, 0xe2, 0xc1, 0xef, 0x91, 0xc5, 0x22, 0x4a, 0x27, 0x2a, 0xbd,
0xfd, 0xf6, 0x2a, 0xff, 0xff, 0x2c, 0x6e, 0x6b, 0x9f, 0x34, 0x13, 0xab, 0xf2, 0xee, 0x46, 0x4c,
0xf8, 0x42, 0xac, 0x28, 0xb3, 0xf9, 0xee, 0xd5, 0xb7, 0x47, 0x80, 0x58, 0x3c, 0x0c, 0x0c, 0x83,
0x60, 0x3f, 0xbc, 0xac, 0x73, 0x75, 0x00, 0x9e, 0x85, 0x8c, 0xb9, 0x8d, 0xc3, 0xfa, 0xc1, 0x07,
0xbf, 0x47, 0x18, 0x53, 0x16, 0xdb, 0x07, 0x00, 0x08, 0x2b, 0xa6, 0x5d, 0x8d, 0x7e, 0xf9, 0x98,
0xbd, 0xa0, 0x81, 0x8a, 0x61, 0xca, 0xc4, 0x3a, 0x2b, 0x86, 0xf7, 0xdb, 0x04, 0x20, 0x27, 0xf5,
0x3a, 0xee, 0x5d, 0x0b, 0x46, 0xc8, 0x9f, 0xed, 0x98, 0x86, 0x4e, 0x56, 0x91, 0x8b, 0x7e, 0x00,
0xfe, 0x85, 0x1c, 0x83, 0x4d, 0xc4, 0xda, 0x8e, 0x07, 0xff, 0x0c, 0x30, 0x26, 0x2c, 0x74, 0x06,
0x00, 0x58, 0x83, 0xf3, 0x5e, 0x5b, 0xa9, 0x8c, 0x56, 0x5f, 0x2c, 0x85, 0x2b, 0xa4, 0x4f, 0xc6,
0xe1, 0x2c, 0x6f, 0x45, 0xb5, 0x17, 0x95, 0xa6, 0x71, 0x05, 0x59, 0xc6, 0x4b, 0x9b, 0xc7, 0xc3,
0xff, 0xc2, 0x8c, 0x4b, 0xc6, 0x88, 0x1a, 0xc8, 0x78, 0xe2, 0x0d, 0x7e, 0x86, 0x9c, 0xb9, 0x4d,
0x40, 0xe6, 0x07, 0x0b, 0xdf, 0x23, 0x93, 0x31, 0x65, 0x61, 0xd9, 0x1a, 0x00, 0x2f, 0x11, 0x57,
0x91, 0xf8, 0x5a, 0xb2, 0x05, 0x57, 0x41, 0x3c, 0xf8, 0x11, 0xe4, 0x67, 0xd4, 0x26, 0x8d, 0x9b,
0xa7, 0xd2, 0xe0, 0x11, 0x41, 0xa2, 0xc4, 0x9a, 0x43, 0x1a, 0x7e, 0xcc, 0x95, 0x6e, 0xe3, 0x62,
0x39, 0x9e, 0xad, 0x69, 0x3a, 0xde, 0x85, 0xec, 0xb9, 0x4d, 0x04, 0x16, 0xf0, 0x73, 0x84, 0x31,
0x65, 0x81, 0xcc, 0x22, 0x17, 0x20, 0x1a, 0xd8, 0xbf, 0x8d, 0x4a, 0x65, 0x01, 0x40, 0x3c, 0xe6,
0x1d, 0x0e, 0x8b, 0x46, 0x46, 0x9e, 0xa6, 0x4e, 0x88, 0x97, 0xd1, 0x00, 0x09, 0x0d, 0x95, 0x3a,
0xa4, 0x79, 0x11, 0xa9, 0xbb, 0x6a, 0xbc, 0x73, 0x0d, 0x0e, 0x86, 0x64, 0x17, 0x26, 0x0a, 0xfe,
0x85, 0x9c, 0xf2, 0x9b, 0x08, 0x4c, 0xe0, 0x7b, 0x84, 0x31, 0x65, 0x21, 0xb7, 0xa5, 0x04, 0x88,
0x8a, 0xfe, 0xed, 0xeb, 0x55, 0x89, 0x75, 0xa1, 0xe8, 0x36, 0xdb, 0x08, 0x0b, 0xac, 0x17, 0x08,
0x38, 0x66, 0x82, 0x75, 0x2c, 0x3c, 0x78, 0x16, 0x25, 0x10, 0x2f, 0xa3, 0x32, 0xf9, 0x2f, 0x8f,
0x64, 0x2b, 0x71, 0xb7, 0xef, 0xe5, 0xb8, 0x00, 0xfe, 0x86, 0x3c, 0x32, 0x9b, 0x00, 0x62, 0x01,
0xbf, 0x47, 0x18, 0x53, 0x16, 0x3a, 0xc6, 0x0c, 0x00, 0xeb, 0x11, 0x97, 0x66, 0x32, 0xb3, 0xb0,
0x55, 0xce, 0x50, 0xc6, 0xc1, 0x85, 0x59, 0x9b, 0xa3, 0x9f, 0x2f, 0xec, 0x92, 0x76, 0x54, 0x17,
0x92, 0x6e, 0x25, 0x34, 0xc4, 0x4c, 0x10, 0x45, 0x98, 0x74, 0xe9, 0x8b, 0x91, 0x69, 0xcb, 0x9f,
0x92, 0xbf, 0x02, 0x9e, 0x86, 0x9c, 0x32, 0x1b, 0x07, 0xb5, 0x03, 0x3f, 0x47, 0x18, 0x53, 0x16,
0x9e, 0x58, 0x00, 0xf0, 0x12, 0x36, 0x8a, 0xb4, 0xc0, 0x11, 0x14, 0x2e, 0x5a, 0x0c, 0xcb, 0xa2,
0x8a, 0xcd, 0x9a, 0x0a, 0x9a, 0xd2, 0xf7, 0x98, 0x9c, 0x70, 0x89, 0xe2, 0xcc, 0x4a, 0xe0, 0x39,
0xec, 0xb8, 0x27, 0xb9, 0xa4, 0x55, 0xaa, 0xf6, 0x61, 0x00, 0xbe, 0x85, 0x6c, 0xe1, 0x26, 0x42,
0x5a, 0xc0, 0xf7, 0x08, 0x63, 0xca, 0xee, 0xe8, 0x10, 0x0b, 0x20, 0x50, 0xfc, 0x19, 0xc3, 0x39,
0x29, 0xd1, 0x48, 0xd4, 0x28, 0xf5, 0x69, 0xa5, 0xd0, 0xc2, 0x39, 0xf3, 0x39, 0x33, 0x44, 0xd1,
0x05, 0x29, 0x5d, 0x33, 0x2c, 0x8b, 0x26, 0x51, 0xe9, 0x23, 0x1a, 0x65, 0xfa, 0x4b, 0x47, 0xea,
0x5d, 0x0f, 0x00, 0xbe, 0x85, 0xec, 0xb9, 0x4d, 0x04, 0xd9, 0x81, 0x9f, 0x23, 0x8c, 0x29, 0x0b,
0xcd, 0x26, 0x02, 0x88, 0x4a, 0x5b, 0x48, 0x6c, 0x6c, 0xa1, 0xf5, 0x5c, 0x8a, 0x54, 0x8f, 0xcf,
0xe2, 0x66, 0x61, 0xec, 0x45, 0x26, 0x13, 0x78, 0x8a, 0x10, 0x4b, 0x7a, 0x3a, 0x6c, 0x17, 0x64,
0xa7, 0x24, 0xb2, 0x66, 0x29, 0x37, 0x17, 0x20, 0x4b, 0x3b, 0x54, 0x55, 0x26, 0x00, 0x9e, 0x85,
0x4c, 0x03, 0x1b, 0x0f, 0xe2, 0x40, 0xf4, 0x19, 0x99, 0x8d, 0x29, 0x8b, 0x14, 0xb1, 0x00, 0x08,
0x94, 0x06, 0x6b, 0x0f, 0x9a, 0xfa, 0x2d, 0x89, 0x00, 0x56, 0x89, 0xd1, 0x20, 0xb4, 0xd8, 0xc7,
0xf4, 0xbf, 0xc8, 0x1e, 0x99, 0x26, 0x6d, 0x62, 0x3d, 0x4e, 0x20, 0x92, 0x06, 0x91, 0xb2, 0x54,
0x89, 0x4a, 0x87, 0x09, 0x28, 0xb5, 0x43, 0x2a, 0x01, 0xfe, 0x85, 0xec, 0xd9, 0x4d, 0x00, 0x0e,
0xf0, 0x3d, 0xc2, 0x98, 0xb2, 0xf3, 0xc9, 0x06, 0x80, 0xa8, 0x18, 0xdb, 0x9c, 0xb5, 0x0e, 0x9c,
0xe8, 0xc0, 0x6c, 0xe6, 0xca, 0x1b, 0x1a, 0x98, 0xa4, 0xd7, 0xc5, 0xec, 0x96, 0x33, 0x7c, 0x12,
0x5d, 0xba, 0xd4, 0xb4, 0x8e, 0xb5, 0x26, 0x59, 0xea, 0x67, 0x30, 0xb5, 0x59, 0xd3, 0x60, 0x9c,
0xe9, 0x33, 0x02, 0x1e, 0x85, 0x34, 0x1b, 0x6e, 0x3c, 0xe8, 0x01, 0xfe, 0x8e, 0x30, 0xa6, 0xcc,
0x33, 0x7a, 0x0f, 0x32, 0x81, 0x8d, 0x8a, 0x75, 0x77, 0x5d, 0xe7, 0xf8, 0x4c, 0x00, 0xd0, 0x5d,
0x59, 0x26, 0xee, 0x35, 0xee, 0x02, 0xb4, 0x76, 0x1f, 0x8b, 0x4d, 0xd4, 0x27, 0xaf, 0xcb, 0xa8,
0x8a, 0x5d, 0x48, 0xa9, 0x7e, 0x72, 0x33, 0xa9, 0x4e, 0xcf, 0xd3, 0x9d, 0x02, 0x5e, 0x85, 0x74,
0xc3, 0x37, 0x0e, 0xf4, 0x00, 0x7f, 0x47, 0x18, 0x53, 0xba, 0x2a, 0x5e, 0xef, 0xa7, 0x37, 0x73,
0xbc, 0xa7, 0x6c, 0x24, 0x90, 0xce, 0x73, 0x13, 0x0f, 0x7d, 0xa5, 0x93, 0x68, 0x31, 0x7f, 0xc0,
0xff, 0xc8, 0x78, 0xf6, 0x69, 0xbd, 0xd7, 0xea, 0xbe, 0xd9, 0x54, 0x29, 0xd4, 0xd7, 0xf7, 0x8a,
0x1c, 0x44, 0x8e, 0x2e, 0x01, 0x3e, 0x85, 0x34, 0x1b, 0xd9, 0x38, 0xd0, 0x1b, 0xf8, 0x6c, 0x58,
0x8c, 0x0f, 0x16, 0x9d, 0x8b, 0x95, 0x00, 0xab, 0xf8, 0x73, 0xe4, 0xdd, 0xd5, 0xcd, 0x50, 0x94,
0x48, 0x3d, 0xf1, 0x65, 0xf7, 0x49, 0x7c, 0xd7, 0x64, 0xaf, 0x6e, 0xd6, 0x8a, 0xb9, 0x7f, 0xe2,
0x9c, 0xa1, 0x87, 0xa5, 0x9d, 0xc1, 0x94, 0x49, 0xe5, 0x12, 0x8b, 0x5d, 0x22, 0x37, 0x00, 0xfe,
0x85, 0xec, 0x43, 0x9b, 0x00, 0xf2, 0x00, 0xdf, 0x23, 0x8c, 0x29, 0x8b, 0xae, 0x17, 0x09, 0xc0,
0x38, 0xf4, 0xb6, 0xf9, 0xeb, 0x3a, 0xec, 0x92, 0x45, 0x50, 0x2d, 0x17, 0xf3, 0xd5, 0x43, 0xa7,
0x91, 0x4c, 0xe6, 0x6b, 0x0a, 0xee, 0xfe, 0x88, 0x5d, 0x95, 0xcf, 0x91, 0x06, 0x8c, 0xdb, 0x13,
0x26, 0x24, 0xa4, 0xba, 0xd8, 0xda, 0x2c, 0x05, 0x01, 0x00, 0x5e, 0x86, 0x4c, 0xf9, 0x8d, 0xa2,
0xbc, 0xe8, 0xf8, 0x6f, 0x84, 0x31, 0x65, 0x1b, 0x74, 0x02, 0x60, 0x15, 0x69, 0xf4, 0xf0, 0x0c,
0xa3, 0x72, 0x27, 0xc4, 0xa2, 0x99, 0xa7, 0xee, 0xda, 0x21, 0xd2, 0xba, 0x2d, 0x48, 0xc8, 0xaa,
0x28, 0xe8, 0xa2, 0x6b, 0x50, 0x91, 0x52, 0x09, 0x10, 0x88, 0x0d, 0x66, 0xce, 0xc8, 0xba, 0x1c,
0xb4, 0xbb, 0x60, 0x07, 0x00, 0x9e, 0x86, 0x4c, 0xf9, 0x0d, 0x41, 0xbc, 0xc0, 0xff, 0x47, 0x18,
0x53, 0x16, 0x6a, 0xd9, 0x00, 0x08, 0x94, 0x9e, 0x3f, 0xab, 0x19, 0x51, 0x78, 0x28, 0x1a, 0xeb,
0xcf, 0x97, 0x69, 0x0d, 0xd7, 0x56, 0xe4, 0x31, 0x2a, 0x60, 0x23, 0xc3, 0x93, 0x7f, 0x06, 0x1b,
0xac, 0x81, 0x05, 0x7b, 0x67, 0x76, 0x55, 0xf3, 0x56, 0x5f, 0x80, 0xe3, 0xb8, 0x20, 0x00, 0x9e,
0x87, 0xdc, 0x95, 0x8d, 0x22, 0x36, 0x0f, 0xf0, 0xdf, 0x08, 0x63, 0xca, 0xee, 0x2f, 0xd1, 0x09,
0x80, 0xe3, 0xf1, 0xe6, 0x90, 0xfb, 0x4e, 0x6f, 0x42, 0x09, 0xd0, 0xd8, 0xd0, 0x14, 0x73, 0xcc,
0x19, 0x5d, 0x8b, 0x7c, 0x04, 0x77, 0x42, 0x42, 0x0c, 0x47, 0x66, 0xd7, 0xae, 0x7d, 0x72, 0x21,
0xdc, 0xd2, 0x81, 0xba, 0xa5, 0xab, 0xce, 0x0f, 0x00, 0xbe, 0x87, 0x9c, 0xad, 0x0d, 0x85, 0x9e,
0x41, 0xe0, 0x7f, 0x1b, 0x86, 0x8c, 0x0f, 0xf6, 0x76, 0xcc, 0x00, 0x60, 0x15, 0x6b, 0x0c, 0xd3,
0xa3, 0x58, 0x7a, 0x59, 0x75, 0xa9, 0x5e, 0xea, 0x2c, 0x43, 0x26, 0x5b, 0xf7, 0xd1, 0x30, 0x3e,
0xce, 0x49, 0xc1, 0x73, 0x55, 0xf1, 0xb6, 0x04, 0x08, 0xc0, 0x95, 0x8d, 0x75, 0x02, 0x38, 0x25,
0x29, 0x98, 0x18, 0xde, 0x86, 0x6c, 0x99, 0x8d, 0x10, 0xe9, 0x05, 0xfe, 0x19, 0x59, 0x8c, 0x29,
0x8b, 0xd8, 0xe0, 0x00, 0xc0, 0x48, 0xaa, 0xef, 0x1c, 0x62, 0x3a, 0x38, 0x89, 0x36, 0x75, 0xe6,
0x93, 0x16, 0x13, 0x8e, 0xee, 0x78, 0xcc, 0x09, 0x2b, 0xb1, 0xb8, 0x8f, 0xff, 0x13, 0xbf, 0x38,
0x47, 0xde, 0xea, 0x72, 0x25, 0x4a, 0x85, 0x5e, 0x4a, 0xdf, 0x0c, 0x26, 0x00, 0xbe, 0x86, 0xec,
0xe1, 0x46, 0x21, 0x3d, 0xc0, 0x7f, 0x23, 0x8c, 0x29, 0x0b, 0x2d, 0x75, 0x00, 0x70, 0x3d, 0x6e,
0x4b, 0x9f, 0x8d, 0x77, 0x6a, 0xd0, 0x88, 0x8b, 0x28, 0x93, 0x5a, 0x79, 0x2e, 0x02, 0x4e, 0x44,
0x40, 0x4d, 0xe5, 0x7a, 0x76, 0xa8, 0xe2, 0xa2, 0x74, 0x87, 0x1d, 0x23, 0x24, 0x53, 0x3c, 0xc6,
0x3a, 0xf6, 0xd2, 0x80, 0x04, 0x5e, 0x86, 0x2c, 0x83, 0x1b, 0x05, 0xf3, 0x02, 0xbf, 0x37, 0x30,
0x3e, 0x58, 0xcc, 0x74, 0x3f, 0x00, 0xb8, 0x4a, 0x0f, 0xce, 0xf7, 0xcd, 0x66, 0xf4, 0xf4, 0xa6,
0x80, 0xe4, 0x45, 0xb0, 0xec, 0x79, 0x79, 0xfc, 0xb9, 0x4d, 0x34, 0x4b, 0x62, 0xc7, 0xaa, 0x78,
0x32, 0x01, 0x4b, 0x2b, 0x69, 0xa6, 0x92, 0x39, 0x85, 0x32, 0xc2, 0x94, 0x49, 0x37, 0x26, 0x00,
0xbe, 0x85, 0x74, 0x1b, 0x6c, 0x14, 0xc4, 0x03, 0xea, 0xff, 0x46, 0xca, 0xc6, 0x94, 0x6d, 0x8f,
0xb4, 0x0d, 0x0d, 0xaa, 0x18, 0xfb, 0xf8, 0x64, 0x7d, 0x26, 0x0d, 0x7e, 0x03, 0x88, 0x4d, 0x1f,
0x03, 0x99, 0x6e, 0xa2, 0x4f, 0x6e, 0xa6, 0x4b, 0x0b, 0x66, 0xe1, 0xb8, 0xb9, 0x74, 0x40, 0x8d,
0xb3, 0x37, 0xcb, 0x8f, 0xdc, 0x91, 0x77, 0x32, 0x80, 0x03, 0xde, 0x85, 0xf4, 0x03, 0x1b, 0x05,
0xdd, 0x41, 0xfd, 0xdf, 0x00, 0x63, 0xc2, 0xc2, 0xb5, 0x0b, 0x00, 0xa5, 0x90, 0xcf, 0xd7, 0x7b,
0xa5, 0xba, 0xa1, 0x4b, 0xf4, 0x0a, 0xc9, 0x61, 0x56, 0x06, 0xbe, 0xff, 0x88, 0x67, 0xd8, 0xe5,
0xf0, 0xf1, 0x30, 0xe3, 0x38, 0x6e, 0x0d, 0x00, 0xaa, 0x20, 0xad, 0xd4, 0x3d, 0x5b, 0x2a, 0xbb,
0x1e, 0x62, 0x81, 0x6a, 0x03, 0x9e, 0x85, 0x74, 0x03, 0x1b, 0x03, 0x76, 0xe0, 0x9f, 0x11, 0xc6,
0x94, 0xad, 0x13, 0x00, 0x84, 0x15, 0x7b, 0x0b, 0xff, 0x59, 0x3b, 0x51, 0x11, 0x11, 0x51, 0x73,
0xb1, 0x9d, 0x95, 0x67, 0x26, 0x92, 0x4d, 0x21, 0xb6, 0x52, 0x26, 0xeb, 0xa0, 0x6d, 0x34, 0x47,
0x04, 0x73, 0xe1, 0xec, 0xbe, 0x92, 0x15, 0xa7, 0x6b, 0x81, 0x32, 0x02, 0x00, 0x9e, 0x85, 0x4c,
0x83, 0x1b, 0x0f, 0xf6, 0x00, 0xbf, 0x47, 0x18, 0x53, 0xe6, 0xdd, 0xec, 0x4d, 0x0d, 0x34, 0xea,
0x71, 0x3b, 0xe8, 0x77, 0x8d, 0xd2, 0xf0, 0xab, 0xf2, 0xce, 0xf1, 0x99, 0x7f, 0x07, 0x17, 0xb6,
0x90, 0xa1, 0xd6, 0x33, 0x4e, 0x9b, 0xe6, 0xb9, 0x50, 0xb1, 0xb8, 0x17, 0xdd, 0x67, 0x91, 0x1f,
0x93, 0x73, 0xe3, 0x7d, 0xd7, 0x2f, 0x02, 0xfe, 0x85, 0x2c, 0x03, 0x1b, 0x07, 0xe6, 0x81, 0xe2,
0xef, 0xc6, 0xcc, 0xf8, 0x60, 0xb8, 0x11, 0xea, 0x5b, 0x6a, 0xba, 0xff, 0xfe, 0xf3, 0x8f, 0x84,
0x60, 0x24, 0xc7, 0x07, 0x01, 0x19, 0xdb, 0xc1, 0x64, 0x1d, 0xb6, 0xd9, 0xe1, 0x72, 0x1e, 0x15,
0xba, 0x0d, 0xb6, 0x5e, 0xbd, 0xdb, 0x11, 0x82, 0x7d, 0x16, 0x60, 0xa3, 0x06, 0x63, 0xd5, 0x01,
0x9e, 0x85, 0x2c, 0x43, 0x9b, 0x00, 0x2c, 0x90, 0xbe, 0x47, 0x92, 0x8d, 0x29, 0x8b, 0x8d, 0xec,
0x66, 0x01, 0xa2, 0x62, 0x6d, 0x49, 0x27, 0xd5, 0x69, 0x3a, 0x11, 0xaf, 0x08, 0x54, 0xe5, 0xcd,
0x4b, 0xcd, 0x3e, 0x81, 0x40, 0x2d, 0xf8, 0x1d, 0x3e, 0x7b, 0x22, 0xaa, 0x26, 0x14, 0xf9, 0xe8,
0xc8, 0xda, 0xa6, 0x4d, 0xaa, 0xe7, 0xcf, 0x18, 0xe4, 0xb5, 0x02, 0x1e, 0x86, 0x9c, 0x07, 0x37,
0x11, 0xb4, 0xc3, 0xf0, 0x3d, 0x12, 0x62, 0x4c, 0x59, 0xd0, 0x06, 0x00, 0xca, 0xa0, 0x5d, 0xcd,
0xed, 0x7d, 0x23, 0x50, 0xb7, 0x3c, 0xaa, 0x29, 0x8a, 0x49, 0xcb, 0xb9, 0xe5, 0x24, 0x95, 0xdd,
0x4f, 0x0b, 0x04, 0x71, 0x22, 0xc3, 0xb3, 0x81, 0x39, 0x40, 0x61, 0x71, 0xad, 0xd9, 0x8d, 0x80,
0x1f, 0x0b, 0x5b, 0x9d, 0x11, 0x1e, 0x86, 0x5c, 0x82, 0x4d, 0x02, 0x3a, 0xc8, 0x9f, 0x11, 0xc6,
0x94, 0xb9, 0x9c, 0x01, 0x40, 0x74, 0xe0, 0x5f, 0xf2, 0x8d, 0x18, 0x23, 0x0d, 0xd1, 0xd0, 0x0d,
0x8b, 0x57, 0x19, 0xa2, 0xd1, 0xb0, 0xd9, 0x42, 0x5c, 0xc3, 0x61, 0x70, 0xca, 0x08, 0xdf, 0x5d,
0xab, 0x83, 0xcb, 0x25, 0x94, 0x3a, 0x45, 0x5c, 0xc8, 0x76, 0x58, 0x05, 0xfe, 0x83, 0xf4, 0x6c,
0xd3, 0x08, 0x00, 0x57, 0x40, 0xf0, 0x1c, 0x61, 0x4c, 0xe9, 0xd1, 0x83, 0x29, 0xe1, 0xc6, 0xbe,
0x82, 0xea, 0xa0, 0xf6, 0xe2, 0xd6, 0x3e, 0xe7, 0xd6, 0xd7, 0x2f, 0x3e, 0xdd, 0xe9, 0xd0, 0xe7,
0x6f, 0xaf, 0x32, 0xed, 0x49, 0x41, 0xca, 0xf1, 0x7a, 0xef, 0x0e, 0x8e, 0x1e, 0x99, 0xb6, 0xab,
0x75, 0xd8, 0x8c, 0xbb, 0xa2, 0x5e, 0x76, 0x66, 0x44, 0x17, 0xde, 0x83, 0x4c, 0x65, 0x33, 0x78,
0x51, 0xe0, 0x34, 0xc2, 0x98, 0x52, 0xa5, 0x00, 0x23, 0x2c, 0x92, 0x29, 0x38, 0x2c, 0x42, 0x99,
0xe2, 0xfe, 0x3c, 0x1b, 0x99, 0x40, 0xee, 0xb0, 0xc3, 0x91, 0x01, 0xfb, 0x56, 0x43, 0x27, 0x13,
0xaf, 0x89, 0xcd, 0x7f, 0xa9, 0xdb, 0x55, 0x4b, 0x65, 0x3b, 0x95, 0xee, 0x45, 0xbd, 0x84, 0x05,
0xfe, 0x83, 0x8c, 0x7d, 0xd3, 0xf9, 0x70, 0xe0, 0x39, 0xc2, 0x98, 0x52, 0x46, 0x01, 0xcc, 0x07,
0x52, 0x1b, 0x13, 0x8d, 0xa2, 0x47, 0x23, 0x85, 0x8f, 0x33, 0x0f, 0x1f, 0x76, 0x22, 0x6a, 0xe6,
0xd4, 0xbb, 0x88, 0xd3, 0xb0, 0x12, 0x4f, 0xd1, 0xee, 0xa8, 0x41, 0x4f, 0x7f, 0x7b, 0x69, 0x9d,
0xca, 0x1c, 0xd5, 0x12, 0x1e, 0x84, 0x8c, 0x6d, 0xd3, 0xf0, 0xe1, 0xc0, 0x69, 0x84, 0x31, 0xc5,
0xf5, 0x0a, 0xb6, 0xce, 0x34, 0xf1, 0xde, 0x7c, 0xb3, 0xf7, 0x19, 0x59, 0x9c, 0x9f, 0x0c, 0xaa,
0x9f, 0x64, 0x92, 0x1e, 0xec, 0xea, 0x74, 0xa1, 0x52, 0x15, 0xa9, 0x57, 0x6a, 0xcd, 0x66, 0x57,
0xac, 0x61, 0x6f, 0xfe, 0x83, 0xf4, 0x7d, 0xd3, 0xf0, 0xe1, 0xc0, 0x65, 0x84, 0x31, 0xa5, 0x12,
0x09, 0xe8, 0x02, 0xb2, 0xe1, 0x98, 0x9a, 0x5c, 0xad, 0xb7, 0x78, 0x16, 0xa3, 0x23, 0xdd, 0x72,
0x93, 0x74, 0x65, 0xd0, 0x1a, 0x06, 0x48, 0xee, 0xf6, 0xd8, 0xc2, 0x62, 0x23, 0xd6, 0xbc, 0xa0,
0x94, 0xd8, 0x38, 0x74, 0x5f, 0x00, 0xde, 0x83, 0x8c, 0x65, 0x33, 0x78, 0x11, 0x30, 0xdc, 0x46,
0x18, 0x53, 0xaa, 0x24, 0x20, 0xef, 0xab, 0xbc, 0x6b, 0x2d, 0x70, 0x64, 0x44, 0x24, 0x63, 0xcf,
0xda, 0x0b, 0x3d, 0x39, 0xbb, 0x2f, 0x9a, 0x65, 0xb6, 0xc0, 0x7b, 0x14, 0xc6, 0x71, 0x51, 0xf9,
0x10, 0x47, 0x0e, 0xd1, 0xa0, 0x8e, 0x5b, 0x6b, 0xa9, 0x14, 0xff, 0x13, 0x1e, 0x84, 0xac, 0xd3,
0x66, 0xf0, 0xe2, 0xc0, 0x36, 0x30, 0x3e, 0xa8, 0x28, 0x01, 0xa5, 0x92, 0x2b, 0x89, 0xf2, 0xe2,
0xa7, 0xfd, 0x60, 0xe1, 0xb1, 0x47, 0xd0, 0xc7, 0x9d, 0xe0, 0xb5, 0xca, 0x5d, 0xb3, 0x28, 0xad,
0x1d, 0x2f, 0xde, 0x4b, 0xa1, 0x62, 0xe3, 0x45, 0x6f, 0x94, 0xf8, 0x2c, 0x5d, 0x51, 0x00, 0xfe,
0x83, 0x8c, 0x71, 0xd3, 0x05, 0x80, 0x4d, 0x81, 0xdb, 0xc8, 0x8a, 0x31, 0xa5, 0x1a, 0x89, 0x90,
0xbc, 0x3d, 0xa2, 0x8a, 0x3e, 0x1b, 0x80, 0x8a, 0x06, 0x13, 0x36, 0x63, 0x73, 0xe7, 0xa3, 0xfb,
0x0e, 0x87, 0xe8, 0xc5, 0x79, 0xa8, 0x12, 0xc6, 0xe8, 0xda, 0xe3, 0x52, 0x17, 0xc1, 0x76, 0xfd,
0x7c, 0x85, 0x01, 0x91, 0x01, 0x3e, 0x84, 0x8c, 0xcb, 0xa6, 0xf2, 0xa1, 0xc0, 0x63, 0x80, 0x31,
0x21, 0x47, 0x05, 0x94, 0xea, 0x89, 0x03, 0xd1, 0x07, 0x95, 0x00, 0xbd, 0xcf, 0x83, 0x9e, 0xca,
0x73, 0x32, 0xb9, 0x45, 0x1d, 0x18, 0x2a, 0x99, 0xb6, 0x1f, 0x78, 0xdf, 0x4b, 0x82, 0xed, 0x4c,
0x97, 0x8c, 0x4b, 0x99, 0xf3, 0x13, 0xd8, 0x09, 0xfe, 0x83, 0xf4, 0x6d, 0xd3, 0xf0, 0x11, 0xc0,
0x6d, 0x84, 0x31, 0xa5, 0x4a, 0x01, 0x93, 0x55, 0x92, 0x27, 0x1f, 0x06, 0xb1, 0xa2, 0xe7, 0x10,
0x12, 0x74, 0x37, 0x04, 0x01, 0x5c, 0xa1, 0x72, 0xbe, 0x2f, 0x96, 0x65, 0x8e, 0x30, 0x1e, 0x83,
0x92, 0x69, 0x18, 0xe1, 0xda, 0x2f, 0x39, 0x6d, 0x0b, 0x4d, 0x32, 0xd9, 0xfe, 0x83, 0x4c, 0x65,
0x33, 0xf8, 0x50, 0xe0, 0x32, 0xc2, 0x98, 0xd2, 0x4b, 0x01, 0xe3, 0x89, 0x02, 0x4b, 0x01, 0x1e,
0xc7, 0xb4, 0xf6, 0x2d, 0xcc, 0xdb, 0xaa, 0x70, 0xdd, 0xd3, 0x20, 0x51, 0x2e, 0x8e, 0xd1, 0x7b,
0xf6, 0x44, 0x56, 0xaa, 0x04, 0x1c, 0xb4, 0xa5, 0x0a, 0x21, 0x07, 0x5b, 0x72, 0x0a, 0x2b, 0x01,
0xfe, 0x83, 0x74, 0xe3, 0xa6, 0xf2, 0xe2, 0xc0, 0x63, 0x84, 0x31, 0xa5, 0x97, 0xa4, 0xc0, 0x17,
0xc7, 0x8b, 0x82, 0xba, 0xcd, 0x4d, 0xb2, 0xda, 0xa6, 0x69, 0x6d, 0x64, 0x75, 0x40, 0x31, 0xf1,
0xd8, 0x69, 0xeb, 0x68, 0x00, 0xbf, 0x8c, 0xd8, 0x1d, 0x65, 0x8f, 0x1d, 0xa8, 0xaa, 0x3c, 0xf6,
0xa0, 0xd6, 0x34, 0x79, 0x00, 0xde, 0x83, 0x8c, 0x6d, 0x33, 0x78, 0x50, 0xe0, 0x3c, 0xc2, 0x98,
0x52, 0xc5, 0x80, 0xd0, 0xce, 0xe3, 0x41, 0xd1, 0x88, 0x98, 0x70, 0x60, 0xdf, 0x6d, 0x8a, 0x07,
0x1f, 0xb2, 0x4c, 0x54, 0x50, 0xc2, 0x13, 0x84, 0x22, 0x19, 0x5d, 0x41, 0x7b, 0x82, 0x16, 0x62,
0xf3, 0x5f, 0x8c, 0x73, 0xaf, 0x30, 0x04, 0xde, 0x83, 0xf4, 0x75, 0xd3, 0x79, 0x51, 0xe0, 0x36,
0xc2, 0x98, 0x92, 0x24, 0x0a, 0x38, 0xac, 0xb1, 0x9f, 0x9f, 0xc1, 0xa2, 0x3c, 0x0c, 0xa4, 0x03,
0xb6, 0x4e, 0x4f, 0x78, 0x58, 0xb1, 0xe9, 0xf3, 0x0b, 0x78, 0x63, 0xfa, 0x4b, 0x0b, 0xf2, 0xcc,
0x72, 0x52, 0x94, 0x8b, 0x7b, 0xd3, 0x9c, 0x0e, 0x89, 0xd4, 0x00, 0xde, 0x83, 0x8c, 0x7d, 0x33,
0x78, 0x50, 0xe0, 0x34, 0xc2, 0x98, 0x52, 0xa5, 0x80, 0x5f, 0xf7, 0x26, 0x17, 0x40, 0x3e, 0x88,
0x19, 0xee, 0xdf, 0xc4, 0xa6, 0xcf, 0xbe, 0x64, 0x12, 0x1f, 0x9f, 0x1e, 0x4a, 0xc8, 0xa3, 0xeb,
0x89, 0x10, 0x7a, 0x43, 0x26, 0x8b, 0xfb, 0x87, 0xa1, 0x4e, 0xba, 0xf3, 0x7c, 0x88, 0x04, 0xde,
0x83, 0x74, 0xe3, 0xa6, 0xe1, 0x21, 0x80, 0xd3, 0x08, 0x63, 0x4a, 0x50, 0x0a, 0x24, 0x8c, 0xdc,
0x5d, 0xee, 0x0c, 0x2e, 0xe0, 0xa3, 0xfd, 0x3b, 0x32, 0x44, 0x91, 0x8a, 0x5d, 0x03, 0xc3, 0xb7,
0x2e, 0x63, 0x0e, 0x89, 0x7d, 0x24, 0xc5, 0x22, 0xb4, 0x2f, 0xf6, 0xee, 0xdd, 0xa9, 0x18, 0x02,
0x3b, 0x57, 0x09, 0xde, 0x83, 0xf4, 0xe3, 0xa6, 0xf3, 0x98, 0x00, 0x2e, 0x1b, 0x18, 0x1f, 0x94,
0x97, 0x00, 0x1c, 0x1b, 0x92, 0xc9, 0xc2, 0x46, 0xd0, 0x99, 0x35, 0xbd, 0x5f, 0xc1, 0x51, 0xd0,
0x45, 0x5d, 0xee, 0xfb, 0xbd, 0xb4, 0x09, 0x08, 0xfb, 0xbf, 0x9b, 0xe9, 0xe1, 0xd9, 0x66, 0xcf,
0xc9, 0xb0, 0x6b, 0x7f, 0xb6, 0x1d, 0x1e, 0x84, 0x8c, 0xd3, 0xa6, 0xe1, 0xc7, 0x81, 0xe7, 0x08,
0x63, 0x4a, 0x8f, 0x1e, 0xa0, 0x7c, 0xce, 0x68, 0xae, 0x54, 0x1d, 0x2f, 0x9d, 0x22, 0x32, 0x52,
0xea, 0x66, 0x97, 0x51, 0xea, 0xab, 0xbf, 0x6b, 0x95, 0x93, 0xf8, 0xa6, 0xae, 0x71, 0x51, 0x68,
0x33, 0x5c, 0x42, 0x40, 0xde, 0x89, 0xcd, 0xea, 0xe1, 0x21, 0x01, 0xfe, 0x83, 0x2c, 0x7d, 0x33,
0xf8, 0x09, 0x60, 0x1b, 0x18, 0x5f, 0x04, 0x8d, 0x43, 0xb1, 0xbc, 0xcc, 0x45, 0x9f, 0xa0, 0xe1,
0x44, 0xb9, 0x49, 0xbd, 0x35, 0xd4, 0x5b, 0x5d, 0x04, 0x26, 0x1c, 0x89, 0x8a, 0x54, 0x9a, 0x9f,
0xb5, 0xfa, 0xd7, 0x29, 0x85, 0xc3, 0xc5, 0x4e, 0x54, 0xc4, 0x6a, 0x23, 0x02, 0x00, 0xde, 0x83,
0x4c, 0x75, 0x33, 0x78, 0x10, 0xc0, 0x69, 0x64, 0xdc, 0x98, 0xe2, 0x1b, 0x05, 0x18, 0x8f, 0xbc,
0x40, 0x87, 0x45, 0x63, 0xd3, 0xbd, 0x14, 0xdd, 0xfe, 0x49, 0xbf, 0x70, 0x59, 0x0a, 0xa3, 0x88,
0xca, 0xe0, 0x97, 0xd5, 0x03, 0x6c, 0x41, 0xb4, 0xb1, 0xbd, 0xe1, 0xde, 0xd5, 0x14, 0x4a, 0x43,
0x05, 0x3e, 0x84, 0x6c, 0xeb, 0x66, 0xf0, 0xe5, 0x0a, 0x6c, 0x84, 0x31, 0x25, 0xf0, 0x24, 0xb8,
0xfc, 0x71, 0x0e, 0xb9, 0x1f, 0x10, 0xa7, 0xe6, 0x85, 0x52, 0xa7, 0xa1, 0x29, 0xcf, 0x8c, 0x2a,
0xdf, 0xa7, 0xd4, 0xf8, 0x81, 0xfe, 0x94, 0x76, 0x94, 0x70, 0x58, 0x8a, 0x63, 0x4c, 0xaa, 0xbe,
0x48, 0x24, 0xfe, 0x83, 0x8c, 0x7d, 0xd3, 0x79, 0x51, 0xe0, 0x34, 0xc2, 0x98, 0x12, 0x94, 0x82,
0xf6, 0xfd, 0xe6, 0x30, 0x3d, 0xa2, 0xe2, 0x9c, 0x35, 0xf3, 0xfd, 0x6d, 0xde, 0xb8, 0x38, 0x32,
0x75, 0xac, 0x57, 0x49, 0x8c, 0xea, 0x93, 0xdb, 0xa4, 0x52, 0x7d, 0x25, 0x7a, 0x5c, 0x35, 0x42,
0x4e, 0x6c, 0x15, 0x46, 0xe5, 0x42, 0x19, 0xfe, 0x83, 0x8c, 0x7d, 0xd3, 0x79, 0x71, 0xe0, 0x34,
0xc2, 0x98, 0x52, 0xa5, 0x00, 0x77, 0x8c, 0x12, 0x5b, 0x29, 0x42, 0x4c, 0x00, 0x71, 0x7e, 0x39,
0x39, 0x23, 0x0f, 0x75, 0x11, 0x85, 0x74, 0xea, 0x10, 0x82, 0x63, 0x77, 0x38, 0xba, 0xc4, 0x62,
0x48, 0x8e, 0x1d, 0x28, 0xc6, 0x4b, 0x15, 0xbb, 0x86, 0xd8, 0x00, 0x1e, 0x84, 0x4c, 0x6d, 0xd3,
0xf9, 0x70, 0xe0, 0x34, 0xc2, 0x98, 0x52, 0x91, 0x04, 0x44, 0xb9, 0x36, 0xeb, 0xa1, 0xd5, 0xf5,
0xd0, 0x8d, 0x89, 0xb4, 0x76, 0x37, 0x17, 0xb7, 0x4c, 0x26, 0x57, 0x94, 0x0f, 0x08, 0x1d, 0xdb,
0x88, 0xd0, 0xb6, 0x49, 0xd4, 0x69, 0xd8, 0xd5, 0xa3, 0x3a, 0x53, 0x4a, 0x02, 0x00, 0xfe, 0x83,
0x74, 0xd3, 0xa6, 0xf2, 0xe2, 0xc0, 0x6d, 0x84, 0x31, 0x25, 0xc6, 0x08, 0x78, 0x56, 0x2d, 0x51,
0xbe, 0x45, 0x88, 0xb0, 0xec, 0x14, 0x7d, 0xfe, 0x1b, 0x48, 0xde, 0xc3, 0x30, 0xbd, 0xde, 0x25,
0xee, 0x3d, 0x99, 0x78, 0x42, 0xcc, 0xed, 0x7a, 0xdd, 0x1c, 0xb2, 0xdb, 0xc4, 0x79, 0x27, 0x3f,
0x00, 0xfe, 0x83, 0x8c, 0x7d, 0xd3, 0x79, 0x11, 0xc0, 0x6d, 0x80, 0x31, 0x21, 0x89, 0x0a, 0x30,
0x6f, 0x8f, 0xf3, 0xaf, 0x7d, 0x58, 0x68, 0x1b, 0x26, 0xc8, 0xab, 0xf9, 0x9d, 0x6c, 0xf1, 0xfa,
0x49, 0x3a, 0xae, 0x23, 0x7a, 0x5b, 0x0a, 0x56, 0x7e, 0x74, 0x69, 0xad, 0xd6, 0x36, 0x02, 0xcb,
0x68, 0x46, 0x05, 0xa2, 0x25, 0x00, 0xde, 0x83, 0x34, 0xe3, 0xa6, 0xf2, 0x12, 0xc0, 0x63, 0x84,
0x31, 0xa5, 0xa2, 0x02, 0xb0, 0xb2, 0x76, 0x76, 0xc5, 0x4d, 0xc5, 0x73, 0x36, 0x37, 0x36, 0x8b,
0xfe, 0x9c, 0x4e, 0x15, 0xe4, 0xe5, 0x0c, 0x65, 0x8c, 0x97, 0x43, 0x6e, 0xc7, 0xf1, 0x92, 0x45,
0x0a, 0x40, 0x1c, 0x15, 0x6e, 0x69, 0xc4, 0xf4, 0x1a, 0x06, 0x2a, 0xfe, 0x83, 0x4c, 0x6d, 0x33,
0x78, 0x51, 0xe0, 0x34, 0xc2, 0x98, 0x32, 0xa2, 0x02, 0x56, 0x84, 0xe5, 0xaa, 0x3e, 0x34, 0x42,
0x55, 0x37, 0x4d, 0x6a, 0x29, 0x81, 0x35, 0x3d, 0x92, 0x2e, 0x23, 0xe0, 0x68, 0x24, 0x35, 0x20,
0x0e, 0x65, 0x2f, 0xa0, 0x22, 0x55, 0x41, 0xa6, 0x64, 0x55, 0x57, 0xc8, 0xa0, 0x53, 0x71, 0xb1,
0x93, 0xde, 0x83, 0xf4, 0x7d, 0xd3, 0x79, 0x70, 0xe0, 0x31, 0xc2, 0x98, 0x92, 0xc4, 0x08, 0x90,
0xeb, 0x77, 0x9d, 0x06, 0x29, 0x89, 0xdc, 0xfe, 0x78, 0x85, 0x68, 0x1a, 0x5c, 0x98, 0xb0, 0x52,
0x2d, 0xd7, 0xb1, 0xee, 0x3e, 0xf9, 0xaa, 0x7c, 0x0e, 0x2d, 0xde, 0x43, 0x53, 0x6e, 0x3b, 0x64,
0x0d, 0xf0, 0x57, 0x3b, 0x01, 0xde, 0x83, 0x74, 0x75, 0xd3, 0xf0, 0xe1, 0xc0, 0x69, 0x84, 0x31,
0x25, 0x2a, 0x09, 0x98, 0x53, 0xe7, 0x3f, 0xe8, 0x0f, 0x04, 0x6c, 0x43, 0xb8, 0x6c, 0x09, 0xd6,
0x63, 0x92, 0x59, 0xb9, 0x26, 0x64, 0x93, 0xce, 0xfe, 0x40, 0x42, 0x19, 0x2f, 0x91, 0x2d, 0x28,
0x9c, 0x9a, 0x76, 0x09, 0xde, 0x83, 0x74, 0x75, 0xd3, 0xf0, 0xe2, 0xc0, 0x63, 0x84, 0x31, 0xc5,
0x5b, 0x12, 0x58, 0x71, 0x29, 0xd7, 0xbf, 0x39, 0xb6, 0xa7, 0x5f, 0x0a, 0x98, 0xc0, 0xed, 0xf5,
0x56, 0xbe, 0x24, 0xc4, 0xbf, 0x7f, 0x78, 0x23, 0x80, 0xcd, 0xa5, 0xd9, 0x3f, 0x8f, 0x7a, 0xf9,
0x08, 0x31, 0x9f, 0x74, 0xd8, 0xde, 0x83, 0x74, 0x6d, 0xd3, 0xf0, 0x10, 0xc0, 0x65, 0x84, 0x31,
0xa5, 0x4a, 0x01, 0x7f, 0x62, 0x02, 0xac, 0x44, 0x92, 0xe2, 0x33, 0x10, 0x24, 0xe4, 0x78, 0xa4,
0x4c, 0x65, 0x74, 0x4a, 0xef, 0xa2, 0xa8, 0x72, 0xc8, 0xa4, 0xbd, 0xe4, 0x97, 0x80, 0x25, 0xa9,
0xe5, 0xfc, 0x32, 0x03, 0x75, 0x64, 0x4f, 0xce, 0x74, 0x48, 0x09, 0x1e, 0x84, 0x4c, 0x6d, 0xd3,
0xf9, 0x10, 0xc0, 0x63, 0x80, 0x31, 0xa1, 0x5c, 0xa5, 0x10, 0x62, 0x38, 0x32, 0x1d, 0x8a, 0x8e,
0x05, 0xcb, 0x9f, 0x8e, 0x22, 0xf1, 0xd4, 0x73, 0xf0, 0x0d, 0x23, 0xa7, 0xde, 0x6f, 0x15, 0xa6,
0x55, 0x45, 0xe7, 0xf4, 0xeb, 0x20, 0x90, 0xcc, 0xb3, 0xe7, 0x3c, 0x7c, 0x2f, 0x05, 0x00, 0x1e,
0x84, 0x4c, 0x7d, 0xd3, 0xf9, 0x70, 0xe0, 0x34, 0xc2, 0x62, 0x4a, 0x45, 0x05, 0x00, 0x78, 0xa8,
0x33, 0x57, 0xe3, 0x0e, 0xcd, 0x95, 0x33, 0x8b, 0x6d, 0x7c, 0x1f, 0xbc, 0x10, 0xe7, 0x9c, 0x81,
0x2c, 0x69, 0xab, 0x0a, 0x8e, 0xa9, 0xff, 0x0c, 0xa1, 0x96, 0x44, 0x1a, 0x73, 0x39, 0xc9, 0xcc,
0xa1, 0x00, 0x1e, 0x84, 0xf4, 0x7d, 0x53, 0xf9, 0x08, 0xe0, 0x31, 0xc2, 0x98, 0x52, 0x01, 0x03,
0xf6, 0x57, 0x06, 0x02, 0x92, 0x6d, 0xee, 0xb0, 0x76, 0xbd, 0xa8, 0xc5, 0x12, 0xc6, 0x33, 0x0c,
0x1f, 0x2a, 0x62, 0xd4, 0x3f, 0xbc, 0x13, 0x49, 0x47, 0x17, 0x13, 0xbb, 0x46, 0xca, 0xc4, 0x2a,
0x0d, 0xfe, 0x83, 0x8c, 0x7d, 0xd3, 0x79, 0x71, 0xe0, 0x32, 0xc2, 0x98, 0x12, 0x4b, 0x02, 0xa4,
0x28, 0xf4, 0x67, 0xd5, 0x1a, 0x0e, 0x2c, 0x78, 0x83, 0x9d, 0xf7, 0xe6, 0xb5, 0xa4, 0x44, 0xf2,
0x36, 0x60, 0x60, 0x5b, 0xd1, 0x9a, 0x71, 0xdc, 0x30, 0xf0, 0xa9, 0x84, 0x98, 0x0b, 0x90, 0xf7,
0x59, 0x0a, 0x55, 0xde, 0x83, 0x34, 0xe3, 0xa6, 0xf2, 0xe0, 0xc0, 0x63, 0x84, 0x31, 0xa5, 0xbc,
0x01, 0xd8, 0x88, 0x91, 0x29, 0x66, 0x13, 0x43, 0x39, 0xae, 0xa7, 0x89, 0x98, 0x00, 0xf2, 0x57,
0xd5, 0x9e, 0xe8, 0x26, 0x71, 0x39, 0x45, 0x34, 0xbf, 0x04, 0xd4, 0xf4, 0x37, 0xc2, 0x90, 0xf9,
0xd3, 0x0f, 0xc2, 0x89, 0x91, 0x05, 0xde, 0x83, 0xf4, 0x69, 0xd3, 0x79, 0x54, 0x31, 0x92, 0xd3,
0x48, 0xb0, 0x31, 0xa5, 0x02, 0x07, 0xb0, 0x28, 0x32, 0x5f, 0xdb, 0xde, 0x8e, 0x33, 0x41, 0x0b,
0x7e, 0x6b, 0xdd, 0x48, 0xfb, 0xf0, 0xd2, 0x5f, 0xb8, 0xc3, 0xee, 0x8c, 0xd6, 0xb6, 0x96, 0x7f,
0x5b, 0xbe, 0x83, 0x83, 0x1b, 0xcb, 0xaf, 0x2c, 0x72, 0x10, 0xc5, 0x05, 0xfe, 0x83, 0x8c, 0xe3,
0xa6, 0xf3, 0x21, 0x80, 0xdb, 0x00, 0x63, 0x42, 0x05, 0x06, 0x70, 0xc3, 0x05, 0x62, 0x5c, 0xc6,
0xf7, 0xc1, 0x53, 0x8d, 0xd7, 0x46, 0xd5, 0x43, 0x72, 0xda, 0x0f, 0xca, 0x3d, 0xf3, 0x38, 0x9c,
0x17, 0x2e, 0x1e, 0x50, 0xfc, 0xd9, 0x79, 0xc8, 0x53, 0x05, 0xb5, 0x33, 0x69, 0x6a, 0xc8, 0x16,
0xfe, 0x83, 0xf4, 0x7d, 0xd3, 0xf0, 0x12, 0xc0, 0x65, 0x84, 0x31, 0x25, 0x46, 0x05, 0xac, 0x09,
0xef, 0xc9, 0xba, 0x71, 0x62, 0xc9, 0xc8, 0x50, 0x6d, 0x3d, 0x57, 0xfd, 0x7a, 0x05, 0x04, 0x3b,
0xd5, 0x11, 0x6d, 0x1f, 0xb9, 0x58, 0x2f, 0x23, 0xfe, 0x95, 0xfd, 0xaf, 0x9a, 0xad, 0x24, 0x86,
0x5a, 0x45, 0xe9, 0x04, 0xde, 0x83, 0x4c, 0x75, 0x33, 0x78, 0x00, 0x38, 0x0c, 0x30, 0x26, 0x54,
0x91, 0x00, 0x93, 0x1a, 0x25, 0xb4, 0xd7, 0xd0, 0x66, 0x0a, 0x5c, 0x86, 0xc6, 0x27, 0xad, 0x3a,
0xc6, 0x3c, 0xb3, 0xa7, 0x5b, 0x17, 0xff, 0x9e, 0x73, 0x83, 0xa8, 0x4d, 0xd3, 0xaa, 0x84, 0xba,
0x32, 0x2f, 0xe0, 0xca, 0xc6, 0x2c, 0xee, 0x0c, 0xde, 0x83, 0xf4, 0x65, 0xd3, 0x79, 0x71, 0xe0,
0x31, 0xc2, 0x98, 0x92, 0x94, 0x02, 0x7e, 0x4e, 0x04, 0x81, 0x7d, 0x39, 0xfc, 0x59, 0x24, 0x7a,
0x6d, 0x88, 0x2e, 0xfd, 0x46, 0x6c, 0x9d, 0x8c, 0x5b, 0x5c, 0x1a, 0x87, 0x56, 0x32, 0x47, 0xd6,
0x04, 0x7b, 0xff, 0xc1, 0xcf, 0x2e, 0x23, 0xb9, 0x24, 0xa5, 0x49, 0x12, 0xfe, 0x83, 0x8c, 0x75,
0xd3, 0xf9, 0x51, 0xe0, 0x30, 0xc2, 0x98, 0xd2, 0x94, 0xa4, 0x80, 0x97, 0xb2, 0xe7, 0x66, 0x22,
0xa8, 0xa3, 0xfd, 0xef, 0x74, 0xa9, 0x40, 0x81, 0x26, 0x07, 0xab, 0xc4, 0x5d, 0x2c, 0xaa, 0x04,
0x5f, 0x10, 0xc5, 0x39, 0x34, 0x6d, 0x54, 0x12, 0x97, 0xca, 0x63, 0xb9, 0x3f, 0x2d, 0x00, 0xfe,
0x83, 0xf4, 0xe3, 0xa6, 0xe1, 0x45, 0x00, 0x8f, 0x06, 0x63, 0x42, 0x15, 0x11, 0x00, 0xc2, 0x3b,
0x4a, 0xa5, 0x52, 0xcb, 0x9b, 0xf3, 0x6d, 0x7c, 0xce, 0x5a, 0xf1, 0x46, 0xb5, 0x93, 0x65, 0xf6,
0x7c, 0xc6, 0x0d, 0x9f, 0x4c, 0xc2, 0xf5, 0x36, 0x67, 0xf5, 0x1c, 0xf9, 0x5a, 0x69, 0xec, 0xf1,
0x11, 0x00, 0xde, 0x83, 0xf4, 0x75, 0xd3, 0x79, 0x51, 0xe0, 0x32, 0xc2, 0x22, 0x4a, 0x79, 0x45,
0xc8, 0xb8, 0x46, 0xe9, 0xc7, 0xa7, 0xcc, 0x47, 0xf0, 0x21, 0x58, 0xda, 0x3e, 0xe7, 0xac, 0x89,
0x55, 0xc6, 0xc9, 0x6a, 0x4f, 0x80, 0xce, 0xae, 0xb7, 0x72, 0x87, 0xc8, 0x87, 0xb9, 0xa3, 0x5f,
0x0c, 0x26, 0x9f, 0x70, 0x02, 0xfe, 0x83, 0xf4, 0x7d, 0xd3, 0xf0, 0x11, 0xc0, 0x6d, 0x84, 0x31,
0x25, 0xf0, 0x0a, 0xba, 0xfa, 0xf3, 0xed, 0x50, 0x88, 0x47, 0xa6, 0x7b, 0x89, 0xc5, 0x88, 0x27,
0x45, 0x78, 0xeb, 0xb6, 0xbe, 0x04, 0xf9, 0x2d, 0xa6, 0xdf, 0xf5, 0x1d, 0x59, 0x83, 0x97, 0x8a,
0x9e, 0x16, 0xb3, 0x35, 0xa3, 0xcc, 0xb8, 0xb5, 0x5a, 0xde, 0x83, 0xf4, 0x65, 0xd3, 0x79, 0x08,
0x34, 0x2e, 0x1b, 0x18, 0x1f, 0x04, 0xde, 0x83, 0x1c, 0xa9, 0xac, 0xc7, 0x61, 0x25, 0x11, 0xb8,
0x22, 0xca, 0x99, 0xf6, 0x82, 0x0d, 0xdc, 0xe7, 0x1c, 0x93, 0x5d, 0xcc, 0x7b, 0x45, 0x56, 0xc5,
0x27, 0x6f, 0x2c, 0xd6, 0x1c, 0x5b, 0x04, 0xb9, 0xa4, 0xba, 0x85, 0x52, 0x23, 0x00, 0xde, 0x83,
0xf4, 0x75, 0xd3, 0x79, 0x51, 0xe0, 0x36, 0xc2, 0x98, 0x52, 0x89, 0x02, 0x40, 0xbb, 0x28, 0xc3,
0xc8, 0x6e, 0x41, 0x67, 0xa7, 0xd8, 0x1c, 0x51, 0x95, 0x8e, 0x0e, 0xaf, 0x50, 0xd6, 0xde, 0x9c,
0x74, 0x95, 0x39, 0xc1, 0x9a, 0x2f, 0x0d, 0x58, 0xb5, 0x97, 0x1e, 0x53, 0x48, 0xf6, 0xe3, 0xf6,
0x4e, 0x00, 0xfe, 0x83, 0xf4, 0x6d, 0xd3, 0xf0, 0xe2, 0xc0, 0x63, 0x84, 0x31, 0x21, 0x36, 0x0a,
0xd8, 0xd7, 0x0c, 0xd3, 0xa7, 0x3b, 0x60, 0x1d, 0x47, 0x97, 0xf4, 0xbc, 0x45, 0x0b, 0x75, 0x75,
0x10, 0x4d, 0x83, 0x8c, 0xa5, 0x9e, 0x4c, 0x55, 0x97, 0xab, 0x6c, 0xc7, 0x7d, 0x95, 0xb5, 0x66,
0x6a, 0xe3, 0x4b, 0xde, 0x83, 0xec, 0xcb, 0x66, 0xb0, 0x23, 0x80, 0xcb, 0x06, 0xc6, 0x17, 0x36,
0x4a, 0x50, 0xef, 0x04, 0x61, 0x74, 0x04, 0xac, 0x9b, 0x51, 0x93, 0x8f, 0x70, 0x49, 0x96, 0x75,
0x03, 0x80, 0xba, 0xf0, 0xeb, 0xcc, 0x33, 0x57, 0x65, 0x74, 0x75, 0xec, 0x1e, 0xa7, 0x04, 0x05,
0xee, 0x3c, 0x1d,
};
inline constexpr size_t kMeowDataSize = sizeof(kMeowData);

} // namespace Margy::Sound
